Substance_Name,CAS,dsstox_substance_id,media,mgpkgpday,mgpkgpday.min,mgpkgpday.max,CLtot.LperhperkgBW,Reference,Pred.SHEDS.Direct,Pred.SHEDS.Indirect,Pred.FINE,Pred.Food.Contact,Pred.REDS,Pred.RAIDAR,Pred.RAIDAR.ICE,Pred.USETox.Pest,Pred.USETox.Indust,Pred.USETox.Res,Pred.USETox.Diet,Pred.Production.Volume,Pred.Stockholm,delta.Diet.pred,delta.Res.pred,delta.Pest.pred,delta.Indust.pred,Pred.SHEDS.Direct.log.scale,Pred.SHEDS.Indirect.log.scale,Pred.FINE.log.scale,Pred.Food.Contact.log.scale,Pred.REDS.log.scale,Pred.RAIDAR.log.scale,Pred.RAIDAR.ICE.log.scale,Pred.USETox.Pest.log.scale,Pred.USETox.Indust.log.scale,Pred.USETox.Res.log.scale,Pred.USETox.Diet.log.scale,Pred.Production.Volume.log.scale,Pred.Stockholm.log.scale,seem3,seem3.l95,seem3.u95,Rank,Pathway,AD,a0,PathMean.Diet,PathMean.Res,PathMean.Pest,PathMean.Indust,Model.Weight.Food.Contact.Diet,Model.Weight.USETox.Diet.Diet,Model.Weight.Production.Volume.Diet,Model.Weight.SHEDS.Direct.Res,Model.Weight.SHEDS.Indirect.Res,Model.Weight.FINE.Res,Model.Weight.RAIDAR.ICE.Res,Model.Weight.USETox.Res.Res,Model.Weight.Production.Volume.Res,Model.Weight.REDS.Pest,Model.Weight.RAIDAR.Pest,Model.Weight.USETox.Pest.Pest,Model.Weight.Production.Volume.Pest,Model.Weight.Stockholm.Pest,Model.Weight.RAIDAR.Indust,Model.Weight.USETox.Indust.Indust,Model.Weight.Production.Volume.Indust,Model.Weight.Stockholm.Indust,SEEM.example.Diet,SEEM.example.Res,SEEM.example.Pest,SEEM.example.Indust,SEEM.example.total,NHANES.mean,NHANES.sd,SEEM.example.mgkgday.log,SEEM.example.mgkgday
"""1,2,3,4,5,6-Hexachlorocyclohexane""",608-73-1,DTXSID7020687,urine,1.24E-07,1.14E-10,8.46E-06,NA,NA,NA,NA,NA,NA,NA,1.96E-05,NA,2.35E-02,3.73E-04,9.48E-03,1.07E-04,3.11E+01,1,0,0,1,0,0.00,0.00,0.00,0.00,0.00,-0.57,0.00,0.08,0.16,-0.21,-0.49,-0.30,1,1.41E-10,8.39E-12,2.45E-09,Pesticide,1,TRUE,-0.27,0.44,0.90,0.33,-0.11,0.38,-0.57,0.46,0.18,0.05,0.02,-0.09,-0.03,-0.16,0.03,-0.13,0.13,0.38,-1.44,-0.29,-0.28,-0.09,-1.96,0.00,0.00,0.58,0.00,0.31,-15.67,4.88,-14.15,7.18E-07
"""1,2,4-Trichlorobenzene""",120-82-1,DTXSID0021965,urine,1.16E-08,5.01E-11,2.95E-07,NA,NA,NA,NA,NA,NA,NA,3.75E-04,NA,6.66E-03,2.16E-04,7.14E-03,1.80E-04,2.78E+04,0,0,0,1,0,0.00,0.00,0.00,0.00,0.00,0.26,0.00,-1.20,-0.14,-0.47,-0.01,1.71,0,2.03E-06,2.00E-07,1.85E-05,Pesticide,1,TRUE,-0.27,0.44,0.90,0.33,-0.11,0.38,-0.57,0.46,0.18,0.05,0.02,-0.09,-0.03,-0.16,0.03,-0.13,0.13,0.38,-1.44,-0.29,-0.28,-0.09,-1.96,0.00,0.00,-0.80,0.00,-1.07,-15.67,4.88,-20.90,8.37E-10
"""1,3-Dichlorobenzene""",541-73-1,DTXSID6022056,urine,9.80E-08,9.42E-11,8.34E-06,NA,NA,0.00E+00,8.40E-07,1.86E-01,NA,NA,6.70E-06,5.24E-03,8.51E-03,1.19E-04,1.62E-02,2.40E-04,3.11E+01,0,0,1,1,1,-4.00,-1.33,0.39,0.00,0.00,-0.87,-0.76,-0.95,-0.47,0.29,0.26,-0.30,0,1.37E-06,5.05E-08,5.05E-05,"Cons., Pest., Ind.",1,TRUE,-0.27,0.44,0.90,0.33,-0.11,0.38,-0.57,0.46,0.18,0.05,0.02,-0.09,-0.03,-0.16,0.03,-0.13,0.13,0.38,-1.44,-0.29,-0.28,-0.09,-1.96,0.00,0.23,0.49,0.22,0.66,-15.67,4.88,-12.44,3.97E-06
"""1,3,5-Trichlorobenzene""",108-70-3,DTXSID8026195,urine,8.97E-08,1.29E-10,2.56E-06,NA,NA,NA,NA,NA,NA,NA,3.26E-06,NA,7.25E-03,1.16E-04,7.28E-03,2.26E-04,3.11E+01,0,0,0,0,1,0.00,0.00,0.00,0.00,0.00,-1.07,0.00,-1.12,-0.49,-0.45,0.21,-0.30,0,2.44E-07,1.25E-08,4.83E-06,Industrial,1,TRUE,-0.27,0.44,0.90,0.33,-0.11,0.38,-0.57,0.46,0.18,0.05,0.02,-0.09,-0.03,-0.16,0.03,-0.13,0.13,0.38,-1.44,-0.29,-0.28,-0.09,-1.96,0.00,0.00,0.00,0.28,0.01,-15.67,4.88,-15.63,1.63E-07
"""1,4-Dichlorobenzene""",106-46-7,DTXSID1020431,urine,9.05E-05,8.46E-05,9.73E-05,NA,NA,0.00E+00,1.17E-03,6.73E+00,2.33E-02,NA,1.59E-03,1.44E-01,8.32E-03,1.79E-04,1.35E-02,2.55E-04,8.78E+04,0,1,1,1,1,-4.00,1.77,1.47,-0.17,0.00,0.66,0.32,-0.97,-0.24,0.12,0.32,2.05,0,8.64E-05,9.60E-07,1.22E-02,All Four,1,TRUE,-0.27,0.44,0.90,0.33,-0.11,0.38,-0.57,0.46,0.18,0.05,0.02,-0.09,-0.03,-0.16,0.03,-0.13,0.13,0.38,-1.44,-0.29,-0.28,-0.09,-1.96,1.14,-0.08,-1.01,0.15,-0.07,-15.67,4.88,-16.02,1.10E-07
"""2,2',4,4',5,5'-Hexachlorobiphenyl""",35065-27-1,DTXSID2032180,serum,9.21E-16,1.17E-16,3.14E-15,2.65E-07,Pearce et al. (2017),NA,NA,NA,NA,NA,1.78E-02,NA,2.88E-02,1.47E-02,8.06E-03,2.70E-03,3.11E+01,1,0,0,0,1,0.00,0.00,0.00,0.00,0.00,1.34,0.00,0.29,2.21,-0.36,2.53,-0.30,1,1.43E-14,1.69E-16,1.11E-12,Industrial,1,TRUE,-0.27,0.44,0.90,0.33,-0.11,0.38,-0.57,0.46,0.18,0.05,0.02,-0.09,-0.03,-0.16,0.03,-0.13,0.13,0.38,-1.44,-0.29,-0.28,-0.09,-1.96,0.00,0.00,0.00,-1.17,-1.44,-15.67,4.88,-22.69,1.39E-10
"""2,4-Dichlorophenoxyacetic acid""",94-75-7,DTXSID0020442,urine,6.35E-06,3.10E-06,1.82E-05,NA,NA,0.00E+00,NA,2.11E-04,NA,1.30E-01,5.70E-02,NA,2.07E-02,1.42E-04,7.31E-03,1.58E-04,1.39E+05,0,0,1,1,0,-4.00,0.00,-1.66,0.00,0.68,1.66,0.00,-0.05,-0.37,-0.45,-0.13,2.18,0,1.87E-06,1.46E-08,1.43E-04,"Cons., Pest.",1,TRUE,-0.27,0.44,0.90,0.33,-0.11,0.38,-0.57,0.46,0.18,0.05,0.02,-0.09,-0.03,-0.16,0.03,-0.13,0.13,0.38,-1.44,-0.29,-0.28,-0.09,-1.96,0.00,-0.20,-1.07,0.00,-1.54,-15.67,4.88,-23.20,8.37E-11
"""2,4,5-Trichlorophenoxyacetic acid""",93-76-5,DTXSID5021388,urine,1.67E-07,2.93E-08,4.91E-07,NA,NA,NA,NA,NA,NA,NA,2.91E-05,NA,3.28E-02,2.51E-04,7.16E-03,1.49E-04,3.11E+01,0,0,0,1,0,0.00,0.00,0.00,0.00,0.00,-0.46,0.00,0.42,-0.06,-0.47,-0.18,-0.30,0,1.98E-07,7.43E-08,5.74E-07,Pesticide,1,TRUE,-0.27,0.44,0.90,0.33,-0.11,0.38,-0.57,0.46,0.18,0.05,0.02,-0.09,-0.03,-0.16,0.03,-0.13,0.13,0.38,-1.44,-0.29,-0.28,-0.09,-1.96,0.00,0.00,0.61,0.00,0.34,-15.67,4.88,-14.01,8.27E-07
"""4-(1,1,3,3-Tetramethylbutyl)phenol""",140-66-9,DTXSID9022360,urine,4.79E-07,1.07E-07,1.27E-06,NA,NA,NA,NA,0.00E+00,7.64E-03,NA,1.17E-01,NA,6.56E-02,4.15E-04,9.38E-03,1.90E-04,8.78E+04,0,1,1,0,1,0.00,0.00,-5.00,-0.88,0.00,1.86,0.00,1.13,0.22,-0.22,0.05,2.05,0,9.68E-07,1.02E-08,7.30E-05,"Diet., Cons., Ind.",1,TRUE,-0.27,0.44,0.90,0.33,-0.11,0.38,-0.57,0.46,0.18,0.05,0.02,-0.09,-0.03,-0.16,0.03,-0.13,0.13,0.38,-1.44,-0.29,-0.28,-0.09,-1.96,1.03,0.49,0.00,-0.33,0.92,-15.67,4.88,-11.18,1.40E-05
"""p,p'-DDT""",50-29-3,DTXSID4020375,serum,2.47E-14,5.67E-15,2.13E-13,5.24E-05,Arnot et al. (2014),NA,NA,NA,NA,NA,1.87E-03,NA,2.11E-02,1.86E-03,7.74E-03,4.64E-04,3.11E+01,1,0,0,1,0,0.00,0.00,0.00,0.00,0.00,0.71,0.00,-0.03,1.06,-0.40,0.88,-0.30,1,6.80E-11,2.59E-12,1.10E-09,Pesticide,1,TRUE,-0.27,0.44,0.90,0.33,-0.11,0.38,-0.57,0.46,0.18,0.05,0.02,-0.09,-0.03,-0.16,0.03,-0.13,0.13,0.38,-1.44,-0.29,-0.28,-0.09,-1.96,0.00,0.00,0.40,0.00,0.13,-15.67,4.88,-15.02,3.00E-07
2-Hydroxy-4-methoxybenzophenone,131-57-7,DTXSID3022405,urine,3.71E-04,3.42E-04,4.05E-04,NA,NA,1.12E-01,NA,1.27E-01,4.00E-02,NA,2.00E-04,4.61E+00,5.53E-02,4.69E-05,7.33E-03,1.40E-04,2.78E+02,0,1,1,0,1,0.84,0.00,0.27,0.18,0.00,0.08,1.45,0.95,-0.99,-0.45,-0.24,0.34,0,2.83E-04,1.61E-05,1.05E-02,"Diet., Cons., Ind.",1,TRUE,-0.27,0.44,0.90,0.33,-0.11,0.38,-0.57,0.46,0.18,0.05,0.02,-0.09,-0.03,-0.16,0.03,-0.13,0.13,0.38,-1.44,-0.29,-0.28,-0.09,-1.96,0.80,0.89,0.00,0.21,1.63,-15.67,4.88,-7.72,4.46E-04
2-Phenylphenol,90-43-7,DTXSID2021151,urine,8.25E-07,7.31E-07,9.30E-07,NA,NA,5.26E-07,5.95E-06,7.07E-02,NA,2.89E-01,1.18E-05,1.39E-01,7.77E-02,6.49E-05,1.93E-02,1.98E-04,3.11E+01,0,1,1,1,0,-2.17,-0.49,0.10,0.00,1.04,-0.71,0.31,1.30,-0.81,0.45,0.08,-0.30,0,1.86E-05,3.54E-07,9.04E-04,"Diet., Cons., Pest.",1,TRUE,-0.27,0.44,0.90,0.33,-0.11,0.38,-0.57,0.46,0.18,0.05,0.02,-0.09,-0.03,-0.16,0.03,-0.13,0.13,0.38,-1.44,-0.29,-0.28,-0.09,-1.96,0.25,0.50,0.79,0.00,1.27,-15.67,4.88,-9.49,7.59E-05
4-Aminophenol,123-30-8,DTXSID3024499,urine,3.47E-08,6.02E-11,1.61E-06,NA,NA,0.00E+00,NA,0.00E+00,NA,NA,8.99E-04,1.17E-01,1.04E-01,1.16E-04,1.29E-01,3.41E-04,8.78E+02,0,0,1,0,1,-4.00,0.00,-5.00,0.00,0.00,0.50,0.25,1.59,-0.49,2.22,0.59,0.69,0,9.83E-09,1.04E-10,3.07E-06,"Cons., Ind.",1,TRUE,-0.27,0.44,0.90,0.33,-0.11,0.38,-0.57,0.46,0.18,0.05,0.02,-0.09,-0.03,-0.16,0.03,-0.13,0.13,0.38,-1.44,-0.29,-0.28,-0.09,-1.96,0.00,-0.10,0.00,0.01,-0.36,-15.67,4.88,-17.44,2.67E-08
Acephate,30560-19-1,DTXSID8023846,urine,3.37E-07,4.79E-08,1.44E-06,NA,NA,0.00E+00,3.73E-06,2.62E-02,NA,NA,1.96E-03,6.41E-01,3.29E-02,1.26E-04,4.02E-02,1.89E-04,6.21E+01,0,0,1,1,0,-4.00,-0.69,-0.20,0.00,0.00,0.72,0.81,0.42,-0.44,1.14,0.04,-0.10,0,1.90E-07,3.95E-09,1.11E-05,"Cons., Pest.",1,TRUE,-0.27,0.44,0.90,0.33,-0.11,0.38,-0.57,0.46,0.18,0.05,0.02,-0.09,-0.03,-0.16,0.03,-0.13,0.13,0.38,-1.44,-0.29,-0.28,-0.09,-1.96,0.00,0.05,0.35,0.00,0.13,-15.67,4.88,-15.04,2.93E-07
Acetochlor,34256-82-1,DTXSID8023848,urine,4.93E-08,4.74E-09,2.11E-07,NA,NA,0.00E+00,NA,NA,NA,2.00E-02,2.50E-05,NA,1.07E-02,4.23E-05,7.37E-03,1.17E-04,3.11E+01,0,0,0,1,0,-4.00,0.00,0.00,0.00,-0.18,-0.50,0.00,-0.72,-1.05,-0.44,-0.41,-0.30,0,9.73E-08,3.35E-08,2.79E-07,Pesticide,1,TRUE,-0.27,0.44,0.90,0.33,-0.11,0.38,-0.57,0.46,0.18,0.05,0.02,-0.09,-0.03,-0.16,0.03,-0.13,0.13,0.38,-1.44,-0.29,-0.28,-0.09,-1.96,0.00,0.00,0.47,0.00,0.19,-15.67,4.88,-14.72,4.05E-07
Alachlor,15972-60-8,DTXSID1022265,urine,2.25E-07,1.33E-07,3.11E-07,NA,NA,0.00E+00,NA,NA,NA,1.60E-01,2.50E-05,NA,4.38E-02,3.52E-05,7.30E-03,1.15E-04,3.11E+01,0,0,0,1,0,-4.00,0.00,0.00,0.00,0.77,-0.50,0.00,0.72,-1.15,-0.45,-0.42,-0.30,0,2.70E-07,6.60E-08,1.37E-06,Pesticide,1,TRUE,-0.27,0.44,0.90,0.33,-0.11,0.38,-0.57,0.46,0.18,0.05,0.02,-0.09,-0.03,-0.16,0.03,-0.13,0.13,0.38,-1.44,-0.29,-0.28,-0.09,-1.96,0.00,0.00,0.68,0.00,0.41,-15.67,4.88,-13.66,1.16E-06
Aldrin,309-00-2,DTXSID8020040,serum,2.60E-15,2.33E-15,3.77E-15,9.04E-06,Pearce et al. (2017),NA,NA,NA,NA,NA,1.91E-03,NA,7.34E-03,1.03E-03,6.83E-03,2.82E-04,3.11E+01,1,0,0,1,0,0.00,0.00,0.00,0.00,0.00,0.71,0.00,-1.10,0.73,-0.51,0.41,-0.30,1,3.28E-11,1.39E-12,4.77E-10,Pesticide,1,TRUE,-0.27,0.44,0.90,0.33,-0.11,0.38,-0.57,0.46,0.18,0.05,0.02,-0.09,-0.03,-0.16,0.03,-0.13,0.13,0.38,-1.44,-0.29,-0.28,-0.09,-1.96,0.00,0.00,0.27,0.00,0.00,-15.67,4.88,-15.69,1.53E-07
Ambam,3566-10-7,DTXSID0058067,urine,5.10E-08,7.97E-11,2.19E-06,NA,NA,NA,NA,NA,NA,NA,NA,NA,4.67E-02,8.76E-05,7.61E-03,1.33E-04,3.11E+01,0,0,0,1,0,0.00,0.00,0.00,0.00,0.00,0.00,0.00,0.78,-0.64,-0.41,-0.29,-0.30,0,1.90E-07,7.12E-08,5.38E-07,Pesticide,1,TRUE,-0.27,0.44,0.90,0.33,-0.11,0.38,-0.57,0.46,0.18,0.05,0.02,-0.09,-0.03,-0.16,0.03,-0.13,0.13,0.38,-1.44,-0.29,-0.28,-0.09,-1.96,0.00,0.00,0.60,0.00,0.33,-15.67,4.88,-14.07,7.76E-07
Atrazine,1912-24-9,DTXSID9020112,urine,5.76E-08,2.81E-09,3.81E-07,NA,NA,0.00E+00,4.50E-06,1.16E-03,NA,NA,7.77E-06,6.41E-03,5.96E-02,2.09E-04,1.02E-02,1.70E-04,3.11E+01,0,0,1,1,0,-4.00,-0.61,-1.14,0.00,0.00,-0.82,-0.69,1.03,-0.16,-0.14,-0.06,-0.30,0,1.08E-06,5.70E-08,4.10E-05,"Cons., Pest.",1,TRUE,-0.27,0.44,0.90,0.33,-0.11,0.38,-0.57,0.46,0.18,0.05,0.02,-0.09,-0.03,-0.16,0.03,-0.13,0.13,0.38,-1.44,-0.29,-0.28,-0.09,-1.96,0.00,0.24,0.74,0.00,0.71,-15.67,4.88,-12.22,4.93E-06
Azinphos-methyl,86-50-0,DTXSID3020122,urine,2.01E-07,1.72E-10,5.93E-05,NA,NA,NA,NA,NA,NA,1.30E-01,3.41E-05,NA,1.69E-02,1.54E-04,2.60E-02,1.06E-04,3.11E+01,0,0,0,1,0,0.00,0.00,0.00,0.00,0.68,-0.41,0.00,-0.26,-0.33,0.73,-0.50,-0.30,0,1.40E-07,3.70E-08,5.57E-07,Pesticide,1,TRUE,-0.27,0.44,0.90,0.33,-0.11,0.38,-0.57,0.46,0.18,0.05,0.02,-0.09,-0.03,-0.16,0.03,-0.13,0.13,0.38,-1.44,-0.29,-0.28,-0.09,-1.96,0.00,0.00,0.54,0.00,0.27,-15.67,4.88,-14.34,5.92E-07
Benfuracarb,82560-54-1,DTXSID2041622,urine,4.63E-08,1.05E-10,1.30E-06,NA,NA,NA,NA,NA,NA,NA,2.51E-05,NA,1.09E-02,2.80E-04,4.74E-03,1.20E-04,3.11E+01,0,0,0,1,0,0.00,0.00,0.00,0.00,0.00,-0.50,0.00,-0.70,0.01,-0.85,-0.39,-0.30,0,1.02E-07,3.65E-08,2.97E-07,Pesticide,1,TRUE,-0.27,0.44,0.90,0.33,-0.11,0.38,-0.57,0.46,0.18,0.05,0.02,-0.09,-0.03,-0.16,0.03,-0.13,0.13,0.38,-1.44,-0.29,-0.28,-0.09,-1.96,0.00,0.00,0.47,0.00,0.20,-15.67,4.88,-14.68,4.23E-07
Benzyl butyl phthalate,85-68-7,DTXSID3020205,urine,4.16E-04,1.50E-04,4.84E-04,NA,NA,0.00E+00,7.93E-04,1.44E-01,7.24E-01,NA,1.38E-01,1.96E-01,3.54E-02,8.14E-05,1.81E-02,9.40E-05,2.78E+04,0,1,1,0,1,-4.00,1.60,0.31,2.04,0.00,1.91,0.42,0.50,-0.68,0.39,-0.61,1.71,0,1.62E-04,2.63E-06,1.07E-02,"Diet., Cons., Ind.",1,TRUE,-0.27,0.44,0.90,0.33,-0.11,0.38,-0.57,0.46,0.18,0.05,0.02,-0.09,-0.03,-0.16,0.03,-0.13,0.13,0.38,-1.44,-0.29,-0.28,-0.09,-1.96,2.35,-0.07,0.00,-0.15,1.86,-15.67,4.88,-6.57,1.40E-03
beta-Hexachlorocyclohexane,319-85-7,DTXSID7020685,urine,1.10E-07,1.18E-10,8.31E-06,NA,NA,NA,NA,NA,NA,NA,1.96E-05,NA,3.79E-02,3.89E-04,9.49E-03,1.18E-04,3.11E+01,1,0,0,1,0,0.00,0.00,0.00,0.00,0.00,-0.57,0.00,0.57,0.19,-0.21,-0.40,-0.30,1,1.92E-10,1.10E-11,3.50E-09,Pesticide,1,TRUE,-0.27,0.44,0.90,0.33,-0.11,0.38,-0.57,0.46,0.18,0.05,0.02,-0.09,-0.03,-0.16,0.03,-0.13,0.13,0.38,-1.44,-0.29,-0.28,-0.09,-1.96,0.00,0.00,0.64,0.00,0.37,-15.67,4.88,-13.84,9.72E-07
Bifenox,42576-02-3,DTXSID1040320,urine,2.24E-07,1.87E-10,1.96E-05,NA,NA,NA,NA,NA,NA,NA,2.69E-05,NA,2.98E-02,6.67E-05,7.18E-03,9.32E-05,3.11E+01,0,0,0,1,0,0.00,0.00,0.00,0.00,0.00,-0.48,0.00,0.32,-0.79,-0.47,-0.62,-0.30,0,1.91E-07,7.03E-08,5.54E-07,Pesticide,1,TRUE,-0.27,0.44,0.90,0.33,-0.11,0.38,-0.57,0.46,0.18,0.05,0.02,-0.09,-0.03,-0.16,0.03,-0.13,0.13,0.38,-1.44,-0.29,-0.28,-0.09,-1.96,0.00,0.00,0.60,0.00,0.33,-15.67,4.88,-14.05,7.88E-07
Bisphenol A,80-05-7,DTXSID7020182,urine,2.97E-05,2.86E-05,3.08E-05,NA,NA,0.00E+00,7.15E-05,9.46E-06,1.77E-02,NA,3.77E+00,NA,5.62E-02,1.37E-04,4.39E-02,1.50E-04,2.78E+06,0,1,1,0,0,-4.00,0.57,-2.59,-0.34,0.00,2.83,0.00,0.97,-0.39,1.22,-0.18,3.07,0,5.50E-05,1.92E-07,2.04E-02,"Diet., Cons.",1,TRUE,-0.27,0.44,0.90,0.33,-0.11,0.38,-0.57,0.46,0.18,0.05,0.02,-0.09,-0.03,-0.16,0.03,-0.13,0.13,0.38,-1.44,-0.29,-0.28,-0.09,-1.96,1.83,-0.37,0.00,0.00,1.19,-15.67,4.88,-9.85,5.25E-05
Butylparaben,94-26-8,DTXSID3020209,urine,1.28E-06,1.09E-06,1.51E-06,NA,NA,3.81E-03,0.00E+00,1.21E-04,NA,NA,8.62E-06,2.48E+00,6.83E-02,1.01E-04,7.12E-03,1.66E-04,3.11E+01,0,1,1,0,1,0.01,-4.00,-1.82,0.00,0.00,-0.80,1.25,1.17,-0.56,-0.47,-0.08,-0.30,0,2.47E-05,2.69E-07,1.62E-03,"Diet., Cons., Ind.",1,TRUE,-0.27,0.44,0.90,0.33,-0.11,0.38,-0.57,0.46,0.18,0.05,0.02,-0.09,-0.03,-0.16,0.03,-0.13,0.13,0.38,-1.44,-0.29,-0.28,-0.09,-1.96,0.34,0.63,0.00,0.22,0.92,-15.67,4.88,-11.17,1.41E-05
Carbaryl,63-25-2,DTXSID9020247,urine,5.32E-07,1.50E-10,5.98E-05,NA,NA,0.00E+00,3.11E-05,8.34E-02,NA,NA,1.89E-05,3.31E-01,2.80E-02,3.86E-05,7.53E-03,1.62E-04,3.11E+01,0,0,1,1,0,-4.00,0.22,0.15,0.00,0.00,-0.58,0.59,0.26,-1.10,-0.42,-0.10,-0.30,0,4.28E-07,9.42E-09,3.71E-05,"Cons., Pest.",1,TRUE,-0.27,0.44,0.90,0.33,-0.11,0.38,-0.57,0.46,0.18,0.05,0.02,-0.09,-0.03,-0.16,0.03,-0.13,0.13,0.38,-1.44,-0.29,-0.28,-0.09,-1.96,0.00,0.20,0.61,0.00,0.53,-15.67,4.88,-13.07,2.10E-06
Carbofuran,1563-66-2,DTXSID9020249,urine,2.66E-08,9.11E-11,7.16E-07,NA,NA,NA,NA,NA,NA,NA,2.29E-03,NA,2.73E-02,4.88E-05,7.37E-03,1.46E-04,3.11E+01,0,0,0,1,1,0.00,0.00,0.00,0.00,0.00,0.76,0.00,0.23,-0.97,-0.44,-0.20,-0.30,0,7.84E-08,4.63E-09,1.09E-06,"Pest., Ind.",1,TRUE,-0.27,0.44,0.90,0.33,-0.11,0.38,-0.57,0.46,0.18,0.05,0.02,-0.09,-0.03,-0.16,0.03,-0.13,0.13,0.38,-1.44,-0.29,-0.28,-0.09,-1.96,0.00,0.00,0.43,-0.11,0.05,-15.67,4.88,-15.43,1.98E-07
Carbosulfan,55285-14-8,DTXSID5023950,urine,4.63E-08,6.99E-11,1.30E-06,NA,NA,NA,NA,NA,NA,NA,3.13E-05,NA,7.34E-03,4.23E-03,3.56E-03,6.66E-04,3.11E+01,0,0,0,1,0,0.00,0.00,0.00,0.00,0.00,-0.44,0.00,-1.10,1.51,-1.12,1.22,-0.30,0,7.54E-08,2.45E-08,2.44E-07,Pesticide,1,TRUE,-0.27,0.44,0.90,0.33,-0.11,0.38,-0.57,0.46,0.18,0.05,0.02,-0.09,-0.03,-0.16,0.03,-0.13,0.13,0.38,-1.44,-0.29,-0.28,-0.09,-1.96,0.00,0.00,0.41,0.00,0.14,-15.67,4.88,-14.97,3.16E-07
Chlomethoxyfen,32861-85-1,DTXSID6058055,urine,2.09E-07,1.67E-10,1.82E-05,NA,NA,NA,NA,NA,NA,NA,2.11E-05,NA,3.55E-02,5.35E-04,7.43E-03,2.01E-04,3.11E+01,0,0,0,1,0,0.00,0.00,0.00,0.00,0.00,-0.55,0.00,0.50,0.36,-0.43,0.09,-0.30,0,2.18E-07,7.91E-08,6.69E-07,Pesticide,1,TRUE,-0.27,0.44,0.90,0.33,-0.11,0.38,-0.57,0.46,0.18,0.05,0.02,-0.09,-0.03,-0.16,0.03,-0.13,0.13,0.38,-1.44,-0.29,-0.28,-0.09,-1.96,0.00,0.00,0.63,0.00,0.36,-15.67,4.88,-13.90,9.19E-07
Chlorethoxyfos,54593-83-8,DTXSID2032344,urine,8.19E-08,9.71E-11,4.67E-06,NA,NA,NA,NA,NA,NA,5.00E-04,7.65E-05,NA,3.10E-02,9.89E-04,1.21E-02,1.43E-04,3.11E+01,0,0,0,1,0,0.00,0.00,0.00,0.00,-1.86,-0.19,0.00,0.36,0.71,0.02,-0.22,-0.30,0,1.27E-07,1.01E-08,1.82E-06,Pesticide,1,TRUE,-0.27,0.44,0.90,0.33,-0.11,0.38,-0.57,0.46,0.18,0.05,0.02,-0.09,-0.03,-0.16,0.03,-0.13,0.13,0.38,-1.44,-0.29,-0.28,-0.09,-1.96,0.00,0.00,0.50,0.00,0.23,-15.67,4.88,-14.53,4.90E-07
Chlornitrofen,1836-77-7,DTXSID0041775,urine,1.60E-07,1.42E-10,6.83E-06,NA,NA,NA,NA,NA,NA,NA,1.66E-04,NA,3.45E-02,2.90E-04,7.30E-03,2.13E-04,3.11E+01,0,0,0,1,0,0.00,0.00,0.00,0.00,0.00,0.03,0.00,0.47,0.02,-0.45,0.15,-0.30,0,1.54E-07,5.99E-08,4.19E-07,Pesticide,1,TRUE,-0.27,0.44,0.90,0.33,-0.11,0.38,-0.57,0.46,0.18,0.05,0.02,-0.09,-0.03,-0.16,0.03,-0.13,0.13,0.38,-1.44,-0.29,-0.28,-0.09,-1.96,0.00,0.00,0.56,0.00,0.28,-15.67,4.88,-14.28,6.28E-07
Chlorpyrifos-methyl,5598-13-0,DTXSID6032352,urine,2.48E-07,1.76E-10,6.89E-05,NA,NA,NA,NA,NA,NA,NA,3.10E-05,NA,1.37E-02,5.23E-04,2.22E-02,1.88E-04,3.11E+01,0,0,0,1,0,0.00,0.00,0.00,0.00,0.00,-0.44,0.00,-0.47,0.35,0.58,0.03,-0.30,0,1.16E-07,4.27E-08,3.12E-07,Pesticide,1,TRUE,-0.27,0.44,0.90,0.33,-0.11,0.38,-0.57,0.46,0.18,0.05,0.02,-0.09,-0.03,-0.16,0.03,-0.13,0.13,0.38,-1.44,-0.29,-0.28,-0.09,-1.96,0.00,0.00,0.50,0.00,0.23,-15.67,4.88,-14.57,4.70E-07
Chlorpyrifos,2921-88-2,DTXSID4020458,urine,8.84E-08,1.55E-10,4.92E-06,NA,NA,0.00E+00,8.51E-06,7.27E-02,NA,NA,5.28E-05,2.62E-03,1.38E-02,2.40E-03,9.87E-03,5.65E-04,3.11E+01,0,0,1,1,0,-4.00,-0.34,0.11,0.00,0.00,-0.29,-0.98,-0.46,1.20,-0.17,1.06,-0.30,0,4.36E-07,2.29E-08,1.03E-05,"Cons., Pest.",1,TRUE,-0.27,0.44,0.90,0.33,-0.11,0.38,-0.57,0.46,0.18,0.05,0.02,-0.09,-0.03,-0.16,0.03,-0.13,0.13,0.38,-1.44,-0.29,-0.28,-0.09,-1.96,0.00,0.30,0.48,0.00,0.51,-15.67,4.88,-13.18,1.88E-06
Chlorsulfuron,64902-72-3,DTXSID7023980,urine,9.22E-09,2.69E-10,6.19E-08,NA,NA,NA,NA,NA,NA,NA,3.74E-05,NA,9.42E-05,1.35E-04,1.33E-01,1.01E-04,3.11E+01,0,0,0,1,0,0.00,0.00,0.00,0.00,0.00,-0.39,0.00,-5.54,-0.40,2.25,-0.54,-0.30,0,4.46E-09,1.88E-10,1.43E-07,Pesticide,1,TRUE,-0.27,0.44,0.90,0.33,-0.11,0.38,-0.57,0.46,0.18,0.05,0.02,-0.09,-0.03,-0.16,0.03,-0.13,0.13,0.38,-1.44,-0.29,-0.28,-0.09,-1.96,0.00,0.00,-0.16,0.00,-0.43,-15.67,4.88,-17.76,1.94E-08
Coumaphos,56-72-4,DTXSID2020347,urine,8.82E-08,1.29E-10,4.52E-06,NA,NA,NA,NA,NA,NA,4.30E-02,3.18E-05,NA,2.67E-02,4.48E-04,1.70E-02,1.30E-04,3.11E+01,0,0,0,1,0,0.00,0.00,0.00,0.00,0.17,-0.43,0.00,0.21,0.27,0.34,-0.31,-0.30,0,1.82E-07,6.64E-08,5.50E-07,Pesticide,1,TRUE,-0.27,0.44,0.90,0.33,-0.11,0.38,-0.57,0.46,0.18,0.05,0.02,-0.09,-0.03,-0.16,0.03,-0.13,0.13,0.38,-1.44,-0.29,-0.28,-0.09,-1.96,0.00,0.00,0.59,0.00,0.32,-15.67,4.88,-14.12,7.35E-07
Cyfluthrin,68359-37-5,DTXSID5035957,urine,2.29E-08,2.04E-09,1.24E-07,NA,NA,0.00E+00,2.27E-06,3.19E-02,NA,NA,1.54E-04,1.37E-04,6.26E-03,3.05E-04,2.40E-03,1.01E-04,3.11E+01,0,0,1,1,1,-4.00,-0.91,-0.14,0.00,0.00,0.01,-1.95,-1.27,0.05,-1.49,-0.55,-0.30,0,2.33E-07,5.14E-09,9.78E-06,"Cons., Pest., Ind.",1,TRUE,-0.27,0.44,0.90,0.33,-0.11,0.38,-0.57,0.46,0.18,0.05,0.02,-0.09,-0.03,-0.16,0.03,-0.13,0.13,0.38,-1.44,-0.29,-0.28,-0.09,-1.96,0.00,0.39,0.34,-0.18,0.27,-15.67,4.88,-14.33,5.99E-07
Cypermethrin,52315-07-8,DTXSID1023998,urine,8.12E-07,5.83E-10,7.63E-06,NA,NA,0.00E+00,7.19E-07,5.59E-04,NA,NA,9.62E-05,3.37E-04,1.02E-02,2.92E-04,1.88E-03,7.95E-05,3.11E+01,0,0,1,1,1,-4.00,-1.40,-1.36,0.00,0.00,-0.12,-1.65,-0.77,0.03,-1.72,-0.77,-0.30,0,2.69E-07,6.30E-09,1.43E-05,"Cons., Pest., Ind.",1,TRUE,-0.27,0.44,0.90,0.33,-0.11,0.38,-0.57,0.46,0.18,0.05,0.02,-0.09,-0.03,-0.16,0.03,-0.13,0.13,0.38,-1.44,-0.29,-0.28,-0.09,-1.96,0.00,0.32,0.42,-0.14,0.33,-15.67,4.88,-14.04,7.98E-07
DEET,134-62-3,DTXSID2021995,urine,2.61E-07,6.67E-08,6.44E-07,NA,NA,0.00E+00,2.95E-04,2.39E+00,NA,NA,1.13E-06,9.81E-01,6.60E-02,5.12E-05,7.93E-03,1.86E-04,3.11E+01,0,0,1,1,0,-4.00,1.18,1.16,0.00,0.00,-1.36,0.95,1.13,-0.94,-0.37,0.02,-0.30,0,1.52E-06,2.36E-08,1.11E-04,"Cons., Pest.",1,TRUE,-0.27,0.44,0.90,0.33,-0.11,0.38,-0.57,0.46,0.18,0.05,0.02,-0.09,-0.03,-0.16,0.03,-0.13,0.13,0.38,-1.44,-0.29,-0.28,-0.09,-1.96,0.00,0.23,0.82,0.00,0.78,-15.67,4.88,-11.88,6.94E-06
Deltamethrin,52918-63-5,DTXSID8020381,urine,4.29E-07,2.22E-07,7.72E-07,NA,NA,0.00E+00,2.71E-07,2.28E-03,NA,NA,8.24E-05,5.38E-04,6.20E-03,2.14E-04,1.84E-03,6.12E-05,3.11E+01,0,0,1,1,1,-4.00,-1.82,-0.94,0.00,0.00,-0.16,-1.50,-1.27,-0.15,-1.73,-1.02,-0.30,0,2.39E-07,5.82E-09,1.33E-05,"Cons., Pest., Ind.",1,TRUE,-0.27,0.44,0.90,0.33,-0.11,0.38,-0.57,0.46,0.18,0.05,0.02,-0.09,-0.03,-0.16,0.03,-0.13,0.13,0.38,-1.44,-0.29,-0.28,-0.09,-1.96,0.00,0.30,0.36,-0.08,0.31,-15.67,4.88,-14.16,7.09E-07
Di(2-ethylhexyl) phthalate,117-81-7,DTXSID5020607,urine,9.34E-04,9.13E-04,9.55E-04,NA,NA,NA,NA,0.00E+00,1.95E-01,NA,6.54E-01,NA,2.52E-02,2.06E-04,1.29E-03,4.57E-05,1.96E+05,0,1,1,0,1,0.00,0.00,-5.00,1.20,0.00,2.34,0.00,0.15,-0.17,-2.07,-1.29,2.29,0,2.72E-03,1.36E-05,4.55E-01,"Diet., Cons., Ind.",1,TRUE,-0.27,0.44,0.90,0.33,-0.11,0.38,-0.57,0.46,0.18,0.05,0.02,-0.09,-0.03,-0.16,0.03,-0.13,0.13,0.38,-1.44,-0.29,-0.28,-0.09,-1.96,2.69,0.50,0.00,-0.31,2.60,-15.67,4.88,-2.96,5.17E-02
Diazinon,333-41-5,DTXSID9020407,urine,8.58E-08,1.39E-10,4.11E-06,NA,NA,0.00E+00,3.26E-05,5.62E-02,NA,1.40E-01,2.62E-05,1.07E-01,1.07E-02,1.52E-04,4.03E-03,1.13E-04,3.11E+01,0,0,1,1,0,-4.00,0.24,0.03,0.00,0.71,-0.48,0.23,-0.72,-0.34,-1.00,-0.44,-0.30,0,3.32E-07,6.32E-09,2.88E-05,"Cons., Pest.",1,TRUE,-0.27,0.44,0.90,0.33,-0.11,0.38,-0.57,0.46,0.18,0.05,0.02,-0.09,-0.03,-0.16,0.03,-0.13,0.13,0.38,-1.44,-0.29,-0.28,-0.09,-1.96,0.00,0.24,0.49,0.00,0.47,-15.67,4.88,-13.39,1.53E-06
Dibutyl phthalate,84-74-2,DTXSID2021781,urine,6.53E-07,1.70E-10,2.87E-04,NA,NA,0.00E+00,2.24E-04,1.26E-01,1.45E-02,NA,4.06E-02,3.19E-02,4.36E-02,7.26E-05,1.47E-02,1.24E-04,1.39E+05,0,1,1,0,1,-4.00,1.06,0.27,-0.47,0.00,1.57,-0.17,0.71,-0.75,0.20,-0.35,2.18,0,2.51E-06,4.25E-08,1.71E-04,"Diet., Cons., Ind.",1,TRUE,-0.27,0.44,0.90,0.33,-0.11,0.38,-0.57,0.46,0.18,0.05,0.02,-0.09,-0.03,-0.16,0.03,-0.13,0.13,0.38,-1.44,-0.29,-0.28,-0.09,-1.96,1.48,-0.11,0.00,0.05,1.15,-15.67,4.88,-10.08,4.20E-05
Dichlofenthion,97-17-6,DTXSID8040274,urine,2.31E-07,2.24E-10,1.83E-05,NA,NA,NA,NA,NA,NA,NA,2.99E-05,NA,3.57E-02,5.12E-03,4.08E-03,1.14E-03,3.11E+01,0,0,0,1,0,0.00,0.00,0.00,0.00,0.00,-0.45,0.00,0.51,1.62,-0.99,1.72,-0.30,0,2.07E-07,7.81E-08,6.03E-07,Pesticide,1,TRUE,-0.27,0.44,0.90,0.33,-0.11,0.38,-0.57,0.46,0.18,0.05,0.02,-0.09,-0.03,-0.16,0.03,-0.13,0.13,0.38,-1.44,-0.29,-0.28,-0.09,-1.96,0.00,0.00,0.62,0.00,0.35,-15.67,4.88,-13.96,8.68E-07
Dichlorvos,62-73-7,DTXSID5020449,urine,4.65E-08,6.26E-11,2.81E-06,NA,NA,0.00E+00,3.75E-05,6.21E-01,NA,NA,5.49E-07,4.94E-02,6.24E-03,9.74E-05,9.29E-02,1.46E-04,3.11E+01,0,0,1,1,0,-4.00,0.30,0.75,0.00,0.00,-1.56,-0.03,-1.27,-0.58,1.91,-0.20,-0.30,0,3.23E-07,9.99E-09,2.07E-05,"Cons., Pest.",1,TRUE,-0.27,0.44,0.90,0.33,-0.11,0.38,-0.57,0.46,0.18,0.05,0.02,-0.09,-0.03,-0.16,0.03,-0.13,0.13,0.38,-1.44,-0.29,-0.28,-0.09,-1.96,0.00,0.21,0.54,0.00,0.47,-15.67,4.88,-13.35,1.59E-06
Dicrotophos,141-66-2,DTXSID9023914,urine,4.91E-08,8.64E-11,2.96E-06,NA,NA,NA,NA,NA,NA,5.00E-04,3.07E-05,NA,NA,NA,NA,NA,3.11E+01,0,0,0,1,0,0.00,0.00,0.00,0.00,-1.86,-0.44,0.00,0.00,0.00,0.00,0.00,-0.30,0,1.10E-07,8.29E-09,1.72E-06,Pesticide,1,TRUE,-0.27,0.44,0.90,0.33,-0.11,0.38,-0.57,0.46,0.18,0.05,0.02,-0.09,-0.03,-0.16,0.03,-0.13,0.13,0.38,-1.44,-0.29,-0.28,-0.09,-1.96,0.00,0.00,0.49,0.00,0.22,-15.67,4.88,-14.59,4.59E-07
Dicyclohexyl phthalate,84-61-7,DTXSID5025021,urine,6.20E-07,8.72E-08,2.32E-06,NA,NA,0.00E+00,NA,0.00E+00,9.50E-03,NA,3.69E-04,NA,3.39E-02,1.97E-04,1.97E-03,9.29E-05,8.78E+02,0,1,1,0,1,-4.00,0.00,-5.00,-0.74,0.00,0.25,0.00,0.45,-0.19,-1.67,-0.62,0.69,0,1.12E-06,7.40E-09,1.28E-04,"Diet., Cons., Ind.",1,TRUE,-0.27,0.44,0.90,0.33,-0.11,0.38,-0.57,0.46,0.18,0.05,0.02,-0.09,-0.03,-0.16,0.03,-0.13,0.13,0.38,-1.44,-0.29,-0.28,-0.09,-1.96,0.83,0.02,0.00,0.00,0.58,-15.67,4.88,-12.83,2.68E-06
Dieldrin,60-57-1,DTXSID9020453,serum,1.97E-13,6.17E-14,7.25E-13,2.14E-04,Arnot et al. (2014),NA,NA,NA,NA,NA,4.50E-05,NA,1.42E-02,3.36E-03,7.95E-03,7.05E-04,3.11E+01,1,0,0,1,0,0.00,0.00,0.00,0.00,0.00,-0.33,0.00,-0.43,1.39,-0.37,1.27,-0.30,1,9.44E-11,4.75E-12,1.41E-09,Pesticide,1,TRUE,-0.27,0.44,0.90,0.33,-0.11,0.38,-0.57,0.46,0.18,0.05,0.02,-0.09,-0.03,-0.16,0.03,-0.13,0.13,0.38,-1.44,-0.29,-0.28,-0.09,-1.96,0.00,0.00,0.49,0.00,0.22,-15.67,4.88,-14.61,4.50E-07
Diethyl phthalate,84-66-2,DTXSID7021780,urine,1.22E-03,1.16E-03,1.29E-03,NA,NA,0.00E+00,0.00E+00,3.54E-01,1.14E+00,NA,1.15E-03,9.52E-02,5.49E-02,2.49E-05,7.18E-03,1.46E-04,3.93E+03,0,1,1,0,1,-4.00,-4.00,0.58,2.32,0.00,0.57,0.19,0.94,-1.34,-0.47,-0.20,1.13,0,2.27E-04,2.25E-06,3.60E-02,"Diet., Cons., Ind.",1,TRUE,-0.27,0.44,0.90,0.33,-0.11,0.38,-0.57,0.46,0.18,0.05,0.02,-0.09,-0.03,-0.16,0.03,-0.13,0.13,0.38,-1.44,-0.29,-0.28,-0.09,-1.96,1.96,-0.20,0.00,0.31,1.80,-15.67,4.88,-6.90,1.01E-03
Diisobutyl phthalate,84-69-5,DTXSID9022522,urine,1.57E-04,1.52E-04,1.62E-04,NA,NA,NA,NA,0.00E+00,7.99E-03,NA,5.00E-04,NA,4.35E-02,4.10E-05,9.34E-03,1.16E-04,1.39E+05,0,1,1,0,1,0.00,0.00,-5.00,-0.85,0.00,0.34,0.00,0.71,-1.06,-0.22,-0.42,2.18,0,2.28E-04,3.54E-06,1.29E-02,"Diet., Cons., Ind.",1,TRUE,-0.27,0.44,0.90,0.33,-0.11,0.38,-0.57,0.46,0.18,0.05,0.02,-0.09,-0.03,-0.16,0.03,-0.13,0.13,0.38,-1.44,-0.29,-0.28,-0.09,-1.96,1.37,0.47,0.00,0.50,2.06,-15.67,4.88,-5.60,3.70E-03
Diisodecyl phthalate,26761-40-0,DTXSID4025082,urine,4.81E-05,4.63E-05,5.00E-05,NA,NA,NA,NA,NA,NA,NA,NA,NA,NA,NA,NA,NA,3.93E+03,0,1,1,0,1,0.00,0.00,0.00,0.00,0.00,0.00,0.00,0.00,0.00,0.00,0.00,1.13,0,5.83E-05,3.27E-06,9.11E-04,"Diet., Cons., Ind.",1,TRUE,-0.27,0.44,0.90,0.33,-0.11,0.38,-0.57,0.46,0.18,0.05,0.02,-0.09,-0.03,-0.16,0.03,-0.13,0.13,0.38,-1.44,-0.29,-0.28,-0.09,-1.96,0.96,0.72,0.00,0.10,1.51,-15.67,4.88,-8.30,2.49E-04
Dimethoate,60-51-5,DTXSID7020479,urine,1.28E-07,1.22E-10,4.09E-05,NA,NA,0.00E+00,NA,NA,NA,1.10E-01,1.89E-04,NA,2.29E-02,7.04E-05,3.01E-02,1.34E-04,3.11E+01,0,0,0,1,0,-4.00,0.00,0.00,0.00,0.60,0.07,0.00,0.06,-0.76,0.87,-0.28,-0.30,0,1.25E-07,3.96E-08,4.68E-07,Pesticide,1,TRUE,-0.27,0.44,0.90,0.33,-0.11,0.38,-0.57,0.46,0.18,0.05,0.02,-0.09,-0.03,-0.16,0.03,-0.13,0.13,0.38,-1.44,-0.29,-0.28,-0.09,-1.96,0.00,0.00,0.52,0.00,0.25,-15.67,4.88,-14.46,5.25E-07
Dimethyl phthalate,131-11-3,DTXSID3022455,urine,1.41E-05,1.31E-05,1.52E-05,NA,NA,0.00E+00,0.00E+00,4.75E+00,1.64E-02,NA,5.12E-04,8.00E-03,6.28E-02,2.31E-05,7.13E-03,1.66E-04,3.93E+03,0,1,1,0,1,-4.00,-4.00,1.37,-0.39,0.00,0.35,-0.62,1.08,-1.38,-0.47,-0.08,1.13,0,2.77E-06,4.17E-08,2.41E-04,"Diet., Cons., Ind.",1,TRUE,-0.27,0.44,0.90,0.33,-0.11,0.38,-0.57,0.46,0.18,0.05,0.02,-0.09,-0.03,-0.16,0.03,-0.13,0.13,0.38,-1.44,-0.29,-0.28,-0.09,-1.96,0.86,-0.11,0.00,0.39,0.86,-15.67,4.88,-11.45,1.06E-05
DINP,28553-12-0,DTXSID4022521,urine,2.16E-04,2.06E-04,2.26E-04,NA,NA,NA,NA,NA,NA,NA,NA,NA,NA,NA,NA,NA,1.96E+05,0,1,1,0,1,0.00,0.00,0.00,0.00,0.00,0.00,0.00,0.00,0.00,0.00,0.00,2.29,0,2.06E-04,4.73E-06,5.49E-03,"Diet., Cons., Ind.",1,TRUE,-0.27,0.44,0.90,0.33,-0.11,0.38,-0.57,0.46,0.18,0.05,0.02,-0.09,-0.03,-0.16,0.03,-0.13,0.13,0.38,-1.44,-0.29,-0.28,-0.09,-1.96,1.50,0.53,0.00,0.31,2.07,-15.67,4.88,-5.55,3.87E-03
Dioctyl phthalate,117-84-0,DTXSID1021956,urine,8.04E-05,7.67E-05,8.42E-05,NA,NA,NA,NA,0.00E+00,2.98E-03,NA,6.08E-02,NA,2.53E-02,2.02E-04,1.24E-03,4.25E-05,3.11E+01,0,1,1,0,1,0.00,0.00,-5.00,-1.48,0.00,1.68,0.00,0.16,-0.18,-2.10,-1.36,-0.30,0,3.94E-06,1.09E-07,2.50E-04,"Diet., Cons., Ind.",1,TRUE,-0.27,0.44,0.90,0.33,-0.11,0.38,-0.57,0.46,0.18,0.05,0.02,-0.09,-0.03,-0.16,0.03,-0.13,0.13,0.38,-1.44,-0.29,-0.28,-0.09,-1.96,0.51,0.92,0.00,-0.60,0.57,-15.67,4.88,-12.90,2.49E-06
Disulfoton,298-04-4,DTXSID0022018,urine,7.02E-08,9.83E-11,3.79E-06,NA,NA,0.00E+00,1.26E-05,NA,NA,2.30E-02,3.78E-05,NA,4.37E-02,1.83E-04,1.56E-02,1.30E-04,3.11E+01,0,0,0,1,0,-4.00,-0.17,0.00,0.00,-0.11,-0.38,0.00,0.71,-0.23,0.26,-0.31,-0.30,0,2.24E-07,7.86E-08,6.71E-07,Pesticide,1,TRUE,-0.27,0.44,0.90,0.33,-0.11,0.38,-0.57,0.46,0.18,0.05,0.02,-0.09,-0.03,-0.16,0.03,-0.13,0.13,0.38,-1.44,-0.29,-0.28,-0.09,-1.96,0.00,0.00,0.64,0.00,0.36,-15.67,4.88,-13.89,9.29E-07
Endrin,72-20-8,DTXSID6020561,serum,1.39E-14,1.26E-14,2.00E-14,4.83E-05,Pearce et al. (2017),NA,NA,NA,NA,NA,8.87E-05,NA,9.99E-03,3.19E-03,8.20E-03,1.22E-03,3.11E+01,1,0,0,1,0,0.00,0.00,0.00,0.00,0.00,-0.14,0.00,-0.79,1.36,-0.34,1.78,-0.30,1,6.52E-11,3.72E-12,1.01E-09,Pesticide,1,TRUE,-0.27,0.44,0.90,0.33,-0.11,0.38,-0.57,0.46,0.18,0.05,0.02,-0.09,-0.03,-0.16,0.03,-0.13,0.13,0.38,-1.44,-0.29,-0.28,-0.09,-1.96,0.00,0.00,0.42,0.00,0.15,-15.67,4.88,-14.96,3.20E-07
EPN,2104-64-5,DTXSID7022174,urine,1.11E-07,1.71E-10,4.73E-06,NA,NA,NA,NA,NA,NA,NA,3.02E-05,NA,1.13E-02,6.97E-04,7.92E-03,1.83E-04,3.11E+01,0,0,0,1,0,0.00,0.00,0.00,0.00,0.00,-0.45,0.00,-0.66,0.51,-0.38,0.01,-0.30,0,1.02E-07,3.70E-08,2.81E-07,Pesticide,1,TRUE,-0.27,0.44,0.90,0.33,-0.11,0.38,-0.57,0.46,0.18,0.05,0.02,-0.09,-0.03,-0.16,0.03,-0.13,0.13,0.38,-1.44,-0.29,-0.28,-0.09,-1.96,0.00,0.00,0.47,0.00,0.20,-15.67,4.88,-14.69,4.19E-07
Ethion,563-12-2,DTXSID2024086,urine,9.44E-08,1.46E-10,4.89E-06,NA,NA,NA,NA,NA,NA,NA,1.29E-04,NA,1.12E-02,7.87E-04,1.15E-02,1.76E-04,3.11E+01,0,0,0,1,0,0.00,0.00,0.00,0.00,0.00,-0.04,0.00,-0.68,0.58,-0.03,-0.03,-0.30,0,8.01E-08,2.79E-08,2.08E-07,Pesticide,1,TRUE,-0.27,0.44,0.90,0.33,-0.11,0.38,-0.57,0.46,0.18,0.05,0.02,-0.09,-0.03,-0.16,0.03,-0.13,0.13,0.38,-1.44,-0.29,-0.28,-0.09,-1.96,0.00,0.00,0.42,0.00,0.15,-15.67,4.88,-14.95,3.21E-07
Ethylene thiourea,96-45-7,DTXSID5020601,urine,1.89E-08,4.15E-11,8.46E-07,NA,NA,NA,NA,NA,NA,NA,1.01E-03,NA,6.44E-02,9.02E-05,7.12E-02,3.70E-04,2.78E+02,0,0,0,1,0,0.00,0.00,0.00,0.00,0.00,0.54,0.00,1.11,-0.63,1.67,0.67,0.34,0,5.75E-07,1.57E-07,1.90E-06,Pesticide,1,TRUE,-0.27,0.44,0.90,0.33,-0.11,0.38,-0.57,0.46,0.18,0.05,0.02,-0.09,-0.03,-0.16,0.03,-0.13,0.13,0.38,-1.44,-0.29,-0.28,-0.09,-1.96,0.00,0.00,0.21,0.00,-0.06,-15.67,4.88,-15.95,1.18E-07
Ethylparaben,120-47-8,DTXSID9022528,urine,1.78E-05,1.59E-05,2.00E-05,NA,NA,8.15E-03,0.00E+00,8.12E-02,2.03E-02,NA,2.09E-06,1.79E+00,7.79E-02,1.23E-04,2.23E-02,2.03E-04,3.11E+01,0,1,1,0,1,0.20,-4.00,0.14,-0.25,0.00,-1.19,1.14,1.30,-0.45,0.59,0.11,-0.30,0,1.68E-05,2.70E-07,6.58E-04,"Diet., Cons., Ind.",1,TRUE,-0.27,0.44,0.90,0.33,-0.11,0.38,-0.57,0.46,0.18,0.05,0.02,-0.09,-0.03,-0.16,0.03,-0.13,0.13,0.38,-1.44,-0.29,-0.28,-0.09,-1.96,0.14,0.68,0.00,0.30,0.85,-15.67,4.88,-11.52,9.93E-06
Fenchlorphos,299-84-3,DTXSID2034885,urine,2.03E-08,6.91E-11,5.45E-07,NA,NA,NA,NA,NA,NA,NA,1.32E-04,NA,3.44E-02,1.80E-03,1.39E-02,1.97E-04,3.11E+01,0,0,0,1,0,0.00,0.00,0.00,0.00,0.00,-0.03,0.00,0.47,1.04,0.15,0.08,-0.30,0,1.58E-07,6.04E-08,4.34E-07,Pesticide,1,TRUE,-0.27,0.44,0.90,0.33,-0.11,0.38,-0.57,0.46,0.18,0.05,0.02,-0.09,-0.03,-0.16,0.03,-0.13,0.13,0.38,-1.44,-0.29,-0.28,-0.09,-1.96,0.00,0.00,0.56,0.00,0.29,-15.67,4.88,-14.24,6.53E-07
Fenitrothion,122-14-5,DTXSID4032613,urine,2.06E-07,1.28E-10,5.93E-05,NA,NA,NA,NA,NA,NA,5.00E-03,1.27E-05,NA,1.85E-02,1.75E-04,4.13E-03,1.26E-04,3.11E+01,0,0,0,1,0,0.00,0.00,0.00,0.00,-0.81,-0.69,0.00,-0.16,-0.26,-0.98,-0.34,-0.30,0,1.38E-07,3.20E-08,7.16E-07,Pesticide,1,TRUE,-0.27,0.44,0.90,0.33,-0.11,0.38,-0.57,0.46,0.18,0.05,0.02,-0.09,-0.03,-0.16,0.03,-0.13,0.13,0.38,-1.44,-0.29,-0.28,-0.09,-1.96,0.00,0.00,0.54,0.00,0.27,-15.67,4.88,-14.36,5.80E-07
Fenthion,55-38-9,DTXSID8020620,urine,1.91E-07,1.15E-10,5.84E-05,NA,NA,NA,NA,NA,NA,1.30E+00,2.23E-05,NA,1.38E-02,3.14E-04,8.22E-03,1.16E-04,3.11E+01,0,0,0,1,0,0.00,0.00,0.00,0.00,1.73,-0.53,0.00,-0.46,0.07,-0.34,-0.41,-0.30,0,1.46E-07,1.14E-08,2.18E-06,Pesticide,1,TRUE,-0.27,0.44,0.90,0.33,-0.11,0.38,-0.57,0.46,0.18,0.05,0.02,-0.09,-0.03,-0.16,0.03,-0.13,0.13,0.38,-1.44,-0.29,-0.28,-0.09,-1.96,0.00,0.00,0.57,0.00,0.30,-15.67,4.88,-14.21,6.72E-07
Fluorene,86-73-7,DTXSID8024105,urine,1.12E-05,1.09E-05,1.14E-05,NA,NA,NA,NA,NA,NA,NA,1.09E-04,NA,7.80E-02,5.92E-05,7.12E-03,2.04E-04,3.11E+01,0,0,0,1,0,0.00,0.00,0.00,0.00,0.00,-0.09,0.00,1.30,-0.86,-0.47,0.11,-0.30,0,2.84E-07,9.01E-08,9.40E-07,Pesticide,1,TRUE,-0.27,0.44,0.90,0.33,-0.11,0.38,-0.57,0.46,0.18,0.05,0.02,-0.09,-0.03,-0.16,0.03,-0.13,0.13,0.38,-1.44,-0.29,-0.28,-0.09,-1.96,0.00,0.00,0.68,0.00,0.41,-15.67,4.88,-13.69,1.13E-06
Furathiocarb,65907-30-4,DTXSID3052725,urine,4.25E-08,1.07E-10,1.24E-06,NA,NA,NA,NA,NA,NA,NA,2.59E-05,NA,2.41E-02,9.53E-04,5.85E-03,1.96E-04,3.11E+01,0,0,0,1,0,0.00,0.00,0.00,0.00,0.00,-0.49,0.00,0.11,0.69,-0.66,0.07,-0.30,0,1.68E-07,6.24E-08,4.82E-07,Pesticide,1,TRUE,-0.27,0.44,0.90,0.33,-0.11,0.38,-0.57,0.46,0.18,0.05,0.02,-0.09,-0.03,-0.16,0.03,-0.13,0.13,0.38,-1.44,-0.29,-0.28,-0.09,-1.96,0.00,0.00,0.58,0.00,0.31,-15.67,4.88,-14.18,6.95E-07
Hexachlorobenzene,118-74-1,DTXSID2020682,urine,1.15E-07,1.35E-10,8.28E-06,NA,NA,NA,NA,NA,NA,NA,2.82E-03,NA,3.05E-02,2.35E-03,7.26E-03,2.48E-04,1.39E+05,1,0,0,1,0,0.00,0.00,0.00,0.00,0.00,0.82,0.00,0.35,1.19,-0.46,0.29,2.18,1,7.17E-09,2.47E-10,2.18E-07,Pesticide,1,TRUE,-0.27,0.44,0.90,0.33,-0.11,0.38,-0.57,0.46,0.18,0.05,0.02,-0.09,-0.03,-0.16,0.03,-0.13,0.13,0.38,-1.44,-0.29,-0.28,-0.09,-1.96,0.00,0.00,-0.94,0.00,-1.21,-15.67,4.88,-21.58,4.25E-10
Isazophos-methyl,42509-83-1,DTXSID8042058,urine,2.53E-07,1.63E-10,6.65E-05,NA,NA,NA,NA,NA,NA,NA,9.01E-06,NA,4.11E-02,2.48E-04,3.41E-03,1.19E-04,3.11E+01,0,0,0,1,0,0.00,0.00,0.00,0.00,0.00,-0.78,0.00,0.65,-0.06,-1.16,-0.39,-0.30,0,2.80E-07,8.22E-08,9.39E-07,Pesticide,1,TRUE,-0.27,0.44,0.90,0.33,-0.11,0.38,-0.57,0.46,0.18,0.05,0.02,-0.09,-0.03,-0.16,0.03,-0.13,0.13,0.38,-1.44,-0.29,-0.28,-0.09,-1.96,0.00,0.00,0.68,0.00,0.41,-15.67,4.88,-13.66,1.17E-06
Lindane,58-89-9,DTXSID2020686,urine,1.27E-07,1.83E-10,8.24E-06,NA,NA,NA,NA,NA,NA,NA,1.96E-05,NA,1.74E-02,3.59E-04,9.47E-03,1.58E-04,3.11E+01,1,0,0,1,0,0.00,0.00,0.00,0.00,0.00,-0.57,0.00,-0.23,0.14,-0.21,-0.13,-0.30,1,1.20E-10,6.69E-12,1.87E-09,Pesticide,1,TRUE,-0.27,0.44,0.90,0.33,-0.11,0.38,-0.57,0.46,0.18,0.05,0.02,-0.09,-0.03,-0.16,0.03,-0.13,0.13,0.38,-1.44,-0.29,-0.28,-0.09,-1.96,0.00,0.00,0.54,0.00,0.27,-15.67,4.88,-14.34,5.93E-07
Malathion,121-75-5,DTXSID4020791,urine,9.06E-06,3.12E-06,7.04E-05,NA,NA,0.00E+00,1.67E-04,3.10E+00,NA,5.00E-03,3.23E-05,3.10E-01,1.07E-02,8.30E-05,2.95E-02,8.83E-05,3.11E+01,0,0,1,1,0,-4.00,0.93,1.24,0.00,-0.81,-0.43,0.57,-0.72,-0.67,0.85,-0.67,-0.30,0,2.39E-07,5.74E-09,1.01E-05,"Cons., Pest.",1,TRUE,-0.27,0.44,0.90,0.33,-0.11,0.38,-0.57,0.46,0.18,0.05,0.02,-0.09,-0.03,-0.16,0.03,-0.13,0.13,0.38,-1.44,-0.29,-0.28,-0.09,-1.96,0.00,0.22,0.43,0.00,0.38,-15.67,4.88,-13.80,1.01E-06
Mancozeb,8018-01-7,DTXSID0034695,urine,1.03E-07,2.96E-10,4.57E-06,NA,NA,NA,NA,NA,NA,NA,4.07E+00,NA,5.85E-03,2.53E-05,6.74E-03,1.41E-05,3.11E+01,0,0,0,1,0,0.00,0.00,0.00,0.00,0.00,2.85,0.00,-1.33,-1.33,-0.53,-2.39,-0.30,0,9.51E-09,4.70E-10,1.88E-07,Pesticide,1,TRUE,-0.27,0.44,0.90,0.33,-0.11,0.38,-0.57,0.46,0.18,0.05,0.02,-0.09,-0.03,-0.16,0.03,-0.13,0.13,0.38,-1.44,-0.29,-0.28,-0.09,-1.96,0.00,0.00,-0.04,0.00,-0.31,-15.67,4.88,-17.18,3.45E-08
Maneb,12427-38-2,DTXSID9020794,urine,4.85E-08,7.96E-11,2.35E-06,NA,NA,NA,NA,NA,NA,NA,4.07E+00,NA,2.19E-02,1.09E-04,7.17E-02,1.22E-04,3.11E+01,0,0,0,1,0,0.00,0.00,0.00,0.00,0.00,2.85,0.00,0.01,-0.52,1.67,-0.37,-0.30,0,2.10E-08,1.32E-09,4.20E-07,Pesticide,1,TRUE,-0.27,0.44,0.90,0.33,-0.11,0.38,-0.57,0.46,0.18,0.05,0.02,-0.09,-0.03,-0.16,0.03,-0.13,0.13,0.38,-1.44,-0.29,-0.28,-0.09,-1.96,0.00,0.00,0.13,0.00,-0.14,-15.67,4.88,-16.35,7.96E-08
Methidathion,950-37-8,DTXSID5020819,urine,1.87E-07,1.60E-10,5.27E-05,NA,NA,NA,NA,NA,NA,NA,3.40E-05,NA,1.37E-02,1.15E-04,1.21E-02,1.07E-04,3.11E+01,0,0,0,1,0,0.00,0.00,0.00,0.00,0.00,-0.41,0.00,-0.46,-0.49,0.02,-0.49,-0.30,0,1.15E-07,4.24E-08,3.05E-07,Pesticide,1,TRUE,-0.27,0.44,0.90,0.33,-0.11,0.38,-0.57,0.46,0.18,0.05,0.02,-0.09,-0.03,-0.16,0.03,-0.13,0.13,0.38,-1.44,-0.29,-0.28,-0.09,-1.96,0.00,0.00,0.49,0.00,0.22,-15.67,4.88,-14.58,4.63E-07
Methyl parathion,298-00-0,DTXSID1020855,urine,7.40E-08,1.56E-10,3.58E-06,NA,NA,NA,NA,NA,NA,4.00E-02,5.94E-06,NA,9.21E-03,1.59E-04,3.84E-03,1.32E-04,3.11E+01,0,0,0,1,0,0.00,0.00,0.00,0.00,0.14,-0.90,0.00,-0.87,-0.31,-1.05,-0.29,-0.30,0,1.18E-07,3.29E-08,4.46E-07,Pesticide,1,TRUE,-0.27,0.44,0.90,0.33,-0.11,0.38,-0.57,0.46,0.18,0.05,0.02,-0.09,-0.03,-0.16,0.03,-0.13,0.13,0.38,-1.44,-0.29,-0.28,-0.09,-1.96,0.00,0.00,0.51,0.00,0.24,-15.67,4.88,-14.51,5.01E-07
Methylparaben,99-76-3,DTXSID4022529,urine,9.53E-04,8.95E-04,1.01E-03,NA,NA,3.31E-02,2.32E-05,1.14E+00,2.20E-02,NA,7.08E-06,4.44E+00,8.29E-02,1.07E-04,2.65E-02,2.26E-04,1.39E+05,0,1,1,0,1,0.54,0.09,0.94,-0.20,0.00,-0.85,1.44,1.36,-0.53,0.75,0.21,2.18,0,4.15E-04,8.32E-06,2.03E-02,"Diet., Cons., Ind.",1,TRUE,-0.27,0.44,0.90,0.33,-0.11,0.38,-0.57,0.46,0.18,0.05,0.02,-0.09,-0.03,-0.16,0.03,-0.13,0.13,0.38,-1.44,-0.29,-0.28,-0.09,-1.96,1.26,0.52,0.00,0.69,2.19,-15.67,4.88,-4.97,6.95E-03
Metiram,9006-42-2,DTXSID9034737,urine,5.68E-08,1.12E-10,2.39E-06,NA,NA,NA,NA,NA,NA,NA,NA,NA,NA,NA,NA,NA,3.11E+01,0,0,0,1,0,0.00,0.00,0.00,0.00,0.00,0.00,0.00,0.00,0.00,0.00,0.00,-0.30,0,1.20E-07,4.71E-08,2.98E-07,Pesticide,1,TRUE,-0.27,0.44,0.90,0.33,-0.11,0.38,-0.57,0.46,0.18,0.05,0.02,-0.09,-0.03,-0.16,0.03,-0.13,0.13,0.38,-1.44,-0.29,-0.28,-0.09,-1.96,0.00,0.00,0.50,0.00,0.23,-15.67,4.88,-14.55,4.77E-07
Metolachlor,51218-45-2,DTXSID4022448,urine,1.29E-07,1.29E-08,4.99E-07,NA,NA,NA,NA,NA,NA,2.00E-03,1.99E-05,NA,4.10E-02,4.26E-05,7.39E-03,1.05E-04,3.11E+01,0,0,0,1,0,0.00,0.00,0.00,0.00,-1.23,-0.56,0.00,0.65,-1.04,-0.44,-0.51,-0.30,0,2.07E-07,3.28E-08,1.58E-06,Pesticide,1,TRUE,-0.27,0.44,0.90,0.33,-0.11,0.38,-0.57,0.46,0.18,0.05,0.02,-0.09,-0.03,-0.16,0.03,-0.13,0.13,0.38,-1.44,-0.29,-0.28,-0.09,-1.96,0.00,0.00,0.61,0.00,0.34,-15.67,4.88,-14.01,8.26E-07
Metsulfuron-methyl,74223-64-6,DTXSID6023864,urine,9.18E-09,2.36E-10,6.36E-08,NA,NA,NA,NA,NA,NA,5.00E-03,2.91E-05,NA,1.39E-02,1.44E-04,1.33E-01,8.76E-05,3.11E+01,0,0,0,1,0,0.00,0.00,0.00,0.00,-0.81,-0.46,0.00,-0.45,-0.37,2.25,-0.68,-0.30,0,1.03E-07,2.16E-08,4.54E-07,Pesticide,1,TRUE,-0.27,0.44,0.90,0.33,-0.11,0.38,-0.57,0.46,0.18,0.05,0.02,-0.09,-0.03,-0.16,0.03,-0.13,0.13,0.38,-1.44,-0.29,-0.28,-0.09,-1.96,0.00,0.00,0.47,0.00,0.20,-15.67,4.88,-14.69,4.18E-07
Mirex,2385-85-5,DTXSID7020895,serum,1.05E-15,3.23E-16,4.54E-15,2.98E-06,Pearce et al. (2017),NA,NA,0.00E+00,NA,NA,1.47E-02,NA,1.13E-02,2.36E-03,5.83E-03,1.93E-04,3.11E+01,1,0,1,1,1,0.00,0.00,-5.00,0.00,0.00,1.28,0.00,-0.66,1.19,-0.66,0.06,-0.30,1,3.17E-15,3.82E-17,4.19E-13,"Cons., Pest., Ind.",1,TRUE,-0.27,0.44,0.90,0.33,-0.11,0.38,-0.57,0.46,0.18,0.05,0.02,-0.09,-0.03,-0.16,0.03,-0.13,0.13,0.38,-1.44,-0.29,-0.28,-0.09,-1.96,0.00,0.89,0.25,-0.87,0.00,-15.67,4.88,-15.69,1.54E-07
Nabam-sodium,142-59-6,DTXSID5020603,urine,5.14E-08,9.54E-11,2.17E-06,NA,NA,NA,NA,NA,NA,NA,4.07E+00,NA,4.51E-02,1.38E-04,7.31E-02,1.22E-04,6.21E+01,0,0,0,1,0,0.00,0.00,0.00,0.00,0.00,2.85,0.00,0.75,-0.39,1.69,-0.37,-0.10,0,5.01E-08,3.39E-09,8.50E-07,Pesticide,1,TRUE,-0.27,0.44,0.90,0.33,-0.11,0.38,-0.57,0.46,0.18,0.05,0.02,-0.09,-0.03,-0.16,0.03,-0.13,0.13,0.38,-1.44,-0.29,-0.28,-0.09,-1.96,0.00,0.00,0.11,0.00,-0.16,-15.67,4.88,-16.44,7.23E-08
Naled,300-76-5,DTXSID1024209,urine,7.97E-08,1.72E-10,4.91E-06,NA,NA,NA,NA,NA,NA,NA,7.18E-06,NA,2.27E-02,6.65E-05,7.13E-03,7.92E-05,3.11E+01,0,0,0,1,0,0.00,0.00,0.00,0.00,0.00,-0.85,0.00,0.05,-0.80,-0.47,-0.77,-0.30,0,2.00E-07,6.02E-08,6.69E-07,Pesticide,1,TRUE,-0.27,0.44,0.90,0.33,-0.11,0.38,-0.57,0.46,0.18,0.05,0.02,-0.09,-0.03,-0.16,0.03,-0.13,0.13,0.38,-1.44,-0.29,-0.28,-0.09,-1.96,0.00,0.00,0.61,0.00,0.34,-15.67,4.88,-13.99,8.38E-07
Naphthalene,91-20-3,DTXSID8020913,urine,2.99E-05,3.91E-09,9.46E-05,NA,NA,0.00E+00,3.61E-04,3.39E+00,4.64E-02,NA,1.60E-02,1.46E-01,5.70E-02,3.05E-05,7.55E-03,2.81E-04,1.96E+05,0,1,1,1,1,-4.00,1.27,1.27,0.28,0.00,1.31,0.33,0.98,-1.23,-0.42,0.41,2.29,0,1.02E-03,6.22E-06,2.35E-01,All Four,1,TRUE,-0.27,0.44,0.90,0.33,-0.11,0.38,-0.57,0.46,0.18,0.05,0.02,-0.09,-0.03,-0.16,0.03,-0.13,0.13,0.38,-1.44,-0.29,-0.28,-0.09,-1.96,1.37,-0.13,-0.98,0.28,0.27,-15.67,4.88,-14.35,5.88E-07
Naproanilide,52570-16-8,DTXSID8058118,urine,1.09E-06,3.79E-10,1.27E-04,NA,NA,NA,NA,NA,NA,NA,2.63E-05,NA,4.04E-02,7.77E-05,8.13E-03,1.09E-04,3.11E+01,0,0,0,1,0,0.00,0.00,0.00,0.00,0.00,-0.48,0.00,0.63,-0.71,-0.35,-0.48,-0.30,0,2.29E-07,8.34E-08,6.85E-07,Pesticide,1,TRUE,-0.27,0.44,0.90,0.33,-0.11,0.38,-0.57,0.46,0.18,0.05,0.02,-0.09,-0.03,-0.16,0.03,-0.13,0.13,0.38,-1.44,-0.29,-0.28,-0.09,-1.96,0.00,0.00,0.64,0.00,0.37,-15.67,4.88,-13.86,9.60E-07
Nicosulfuron,111991-09-4,DTXSID6034764,urine,3.06E-08,1.38E-09,1.84E-07,NA,NA,NA,NA,NA,NA,NA,5.48E-04,NA,6.25E-04,1.27E-04,2.15E-01,8.86E-05,3.11E+01,0,0,0,1,0,0.00,0.00,0.00,0.00,0.00,0.36,0.00,-3.61,-0.44,2.69,-0.67,-0.30,0,9.57E-09,1.07E-09,9.36E-08,Pesticide,1,TRUE,-0.27,0.44,0.90,0.33,-0.11,0.38,-0.57,0.46,0.18,0.05,0.02,-0.09,-0.03,-0.16,0.03,-0.13,0.13,0.38,-1.44,-0.29,-0.28,-0.09,-1.96,0.00,0.00,-0.01,0.00,-0.28,-15.67,4.88,-17.03,4.01E-08
Nitrobenzene,98-95-3,DTXSID3020964,urine,4.50E-08,6.75E-11,1.78E-06,NA,NA,NA,NA,NA,NA,NA,2.46E-01,NA,9.03E-03,3.80E-05,9.69E-03,2.95E-04,2.78E+06,0,0,0,1,1,0.00,0.00,0.00,0.00,0.00,2.07,0.00,-0.89,-1.11,-0.19,0.46,3.07,0,3.90E-07,3.12E-09,9.37E-05,"Pest., Ind.",1,TRUE,-0.27,0.44,0.90,0.33,-0.11,0.38,-0.57,0.46,0.18,0.05,0.02,-0.09,-0.03,-0.16,0.03,-0.13,0.13,0.38,-1.44,-0.29,-0.28,-0.09,-1.96,0.00,0.00,-1.75,0.17,-1.85,-15.67,4.88,-24.68,1.91E-11
Nitrofen,1836-75-5,DTXSID7020970,urine,1.62E-07,2.15E-10,1.36E-05,NA,NA,NA,NA,NA,NA,NA,3.31E-05,NA,4.10E-02,2.51E-04,7.21E-03,1.53E-04,3.11E+01,0,0,0,1,0,0.00,0.00,0.00,0.00,0.00,-0.42,0.00,0.65,-0.06,-0.46,-0.16,-0.30,0,2.23E-07,8.27E-08,6.57E-07,Pesticide,1,TRUE,-0.27,0.44,0.90,0.33,-0.11,0.38,-0.57,0.46,0.18,0.05,0.02,-0.09,-0.03,-0.16,0.03,-0.13,0.13,0.38,-1.44,-0.29,-0.28,-0.09,-1.96,0.00,0.00,0.64,0.00,0.37,-15.67,4.88,-13.89,9.31E-07
Oxydemeton-methyl,301-12-2,DTXSID8025541,urine,1.79E-07,1.56E-10,5.18E-05,NA,NA,NA,NA,NA,NA,NA,9.17E-04,NA,2.36E-02,5.19E-05,7.49E-03,1.28E-04,3.11E+01,0,0,0,1,0,0.00,0.00,0.00,0.00,0.00,0.51,0.00,0.09,-0.93,-0.43,-0.32,-0.30,0,9.27E-08,3.07E-08,2.60E-07,Pesticide,1,TRUE,-0.27,0.44,0.90,0.33,-0.11,0.38,-0.57,0.46,0.18,0.05,0.02,-0.09,-0.03,-0.16,0.03,-0.13,0.13,0.38,-1.44,-0.29,-0.28,-0.09,-1.96,0.00,0.00,0.44,0.00,0.17,-15.67,4.88,-14.82,3.66E-07
Parathion,56-38-2,DTXSID7021100,urine,8.33E-08,1.08E-10,5.30E-06,NA,NA,NA,NA,NA,NA,NA,2.15E-05,NA,1.43E-02,1.74E-04,2.64E-03,1.05E-04,3.11E+01,0,0,0,1,0,0.00,0.00,0.00,0.00,0.00,-0.54,0.00,-0.42,-0.26,-1.40,-0.51,-0.30,0,1.26E-07,4.49E-08,3.53E-07,Pesticide,1,TRUE,-0.27,0.44,0.90,0.33,-0.11,0.38,-0.57,0.46,0.18,0.05,0.02,-0.09,-0.03,-0.16,0.03,-0.13,0.13,0.38,-1.44,-0.29,-0.28,-0.09,-1.96,0.00,0.00,0.51,0.00,0.24,-15.67,4.88,-14.48,5.16E-07
Pentachloronitrobenzene,82-68-8,DTXSID2021105,urine,1.14E-07,1.16E-10,8.59E-06,NA,NA,NA,NA,NA,NA,3.40E-01,1.53E-05,NA,3.28E-02,1.41E-04,7.30E-03,1.11E-04,3.11E+01,0,0,0,1,0,0.00,0.00,0.00,0.00,1.12,-0.64,0.00,0.42,-0.38,-0.45,-0.46,-0.30,0,2.54E-07,4.05E-08,1.80E-06,Pesticide,1,TRUE,-0.27,0.44,0.90,0.33,-0.11,0.38,-0.57,0.46,0.18,0.05,0.02,-0.09,-0.03,-0.16,0.03,-0.13,0.13,0.38,-1.44,-0.29,-0.28,-0.09,-1.96,0.00,0.00,0.67,0.00,0.40,-15.67,4.88,-13.70,1.12E-06
Pentachlorophenol,87-86-5,DTXSID7021106,urine,1.08E-07,1.16E-10,7.87E-06,NA,NA,NA,NA,NA,2.97E-02,NA,1.34E-04,NA,4.54E-02,2.10E-04,7.18E-03,1.38E-04,2.78E+04,1,1,0,1,1,0.00,0.00,0.00,-0.01,0.00,-0.03,0.00,0.75,-0.15,-0.47,-0.25,1.71,1,1.48E-10,2.84E-13,6.80E-08,"Diet., Pest., Ind.",1,TRUE,-0.27,0.44,0.90,0.33,-0.11,0.38,-0.57,0.46,0.18,0.05,0.02,-0.09,-0.03,-0.16,0.03,-0.13,0.13,0.38,-1.44,-0.29,-0.28,-0.09,-1.96,1.37,0.00,-0.51,0.26,0.84,-15.67,4.88,-11.56,9.57E-06
Perfluoroheptanoic acid,375-85-9,DTXSID1037303,serum,2.86E-07,2.86E-07,8.97E-07,1.70E-04,Pearce et al. (2017),NA,NA,0.00E+00,NA,NA,4.81E-07,NA,4.46E-03,2.78E-03,1.40E-01,7.55E-05,3.11E+01,0,0,1,0,1,0.00,0.00,-5.00,0.00,0.00,-1.60,0.00,-1.61,1.28,2.29,-0.82,-0.30,0,2.09E-06,2.20E-08,1.54E-04,"Cons., Ind.",1,TRUE,-0.27,0.44,0.90,0.33,-0.11,0.38,-0.57,0.46,0.18,0.05,0.02,-0.09,-0.03,-0.16,0.03,-0.13,0.13,0.38,-1.44,-0.29,-0.28,-0.09,-1.96,0.00,0.81,0.00,-0.07,0.47,-15.67,4.88,-13.36,1.58E-06
Permethrin,52645-53-1,DTXSID8022292,urine,8.83E-07,6.35E-10,7.17E-06,NA,NA,0.00E+00,2.79E-05,4.37E-02,NA,5.00E-03,6.53E-05,1.26E-03,1.34E-02,1.82E-04,6.24E-03,7.83E-05,3.11E+01,0,0,1,1,0,-4.00,0.17,-0.05,0.00,-0.81,-0.23,-1.22,-0.49,-0.23,-0.60,-0.78,-0.30,0,4.96E-07,1.61E-08,1.16E-05,"Cons., Pest.",1,TRUE,-0.27,0.44,0.90,0.33,-0.11,0.38,-0.57,0.46,0.18,0.05,0.02,-0.09,-0.03,-0.16,0.03,-0.13,0.13,0.38,-1.44,-0.29,-0.28,-0.09,-1.96,0.00,0.36,0.44,0.00,0.52,-15.67,4.88,-13.11,2.02E-06
PFNA,375-95-1,DTXSID8031863,serum,2.17E-06,8.84E-07,6.42E-06,1.05E-04,Pearce et al. (2017),NA,NA,0.00E+00,NA,NA,5.52E-07,NA,9.36E-02,1.62E-01,1.18E-01,5.58E-05,3.11E+01,0,0,1,0,1,0.00,0.00,-5.00,0.00,0.00,-1.56,0.00,1.49,3.55,2.14,-1.10,-0.30,0,9.63E-08,4.58E-10,1.30E-05,"Cons., Ind.",1,TRUE,-0.27,0.44,0.90,0.33,-0.11,0.38,-0.57,0.46,0.18,0.05,0.02,-0.09,-0.03,-0.16,0.03,-0.13,0.13,0.38,-1.44,-0.29,-0.28,-0.09,-1.96,0.00,0.81,0.00,-0.71,-0.17,-15.67,4.88,-16.50,6.84E-08
PFOA,335-67-1,DTXSID8031865,serum,1.68E-07,5.99E-08,4.59E-07,3.38E-06,USEPA (2016b),NA,NA,0.00E+00,NA,NA,4.63E-06,NA,1.05E-02,1.49E-02,1.32E-01,5.32E-03,1.39E+05,0,1,1,0,0,0.00,0.00,-5.00,0.00,0.00,-0.97,0.00,-0.74,2.22,2.24,3.16,2.18,0,5.47E-08,1.21E-10,1.71E-05,"Diet., Cons.",1,TRUE,-0.27,0.44,0.90,0.33,-0.11,0.38,-0.57,0.46,0.18,0.05,0.02,-0.09,-0.03,-0.16,0.03,-0.13,0.13,0.38,-1.44,-0.29,-0.28,-0.09,-1.96,-0.36,0.40,0.00,0.00,-0.22,-15.67,4.88,-16.76,5.24E-08
PFOS,1763-23-1,DTXSID3031864,serum,9.14E-07,2.46E-07,3.04E-06,5.83E-06,USEPA (2016a),NA,NA,0.00E+00,NA,NA,5.99E-07,NA,2.20E-02,5.88E-03,1.10E-01,5.04E-04,3.11E+01,1,0,1,0,0,0.00,0.00,-5.00,0.00,0.00,-1.54,0.00,0.01,1.70,2.07,0.96,-0.30,1,2.06E-06,3.26E-08,1.38E-04,Consumer,1,TRUE,-0.27,0.44,0.90,0.33,-0.11,0.38,-0.57,0.46,0.18,0.05,0.02,-0.09,-0.03,-0.16,0.03,-0.13,0.13,0.38,-1.44,-0.29,-0.28,-0.09,-1.96,0.00,0.81,0.00,0.00,0.54,-15.67,4.88,-13.01,2.23E-06
PFOSA,754-91-6,DTXSID3038939,serum,6.76E-06,6.76E-06,6.76E-06,4.03E-03,Pearce et al. (2017),NA,NA,0.00E+00,NA,NA,6.49E-07,NA,1.83E-02,8.11E-02,1.54E-02,1.03E-02,3.11E+01,0,0,1,0,1,0.00,0.00,-5.00,0.00,0.00,-1.52,0.00,-0.17,3.16,0.24,3.78,-0.30,0,2.08E-07,9.46E-10,3.45E-05,"Cons., Ind.",1,TRUE,-0.27,0.44,0.90,0.33,-0.11,0.38,-0.57,0.46,0.18,0.05,0.02,-0.09,-0.03,-0.16,0.03,-0.13,0.13,0.38,-1.44,-0.29,-0.28,-0.09,-1.96,0.00,0.86,0.00,-0.62,-0.03,-15.67,4.88,-15.79,1.38E-07
Phenanthrene,85-01-8,DTXSID6024254,urine,4.89E-06,4.81E-06,4.97E-06,NA,NA,NA,NA,NA,NA,NA,1.60E-04,NA,7.76E-02,2.40E-04,7.40E-03,2.31E-04,8.78E+02,0,0,0,1,1,0.00,0.00,0.00,0.00,0.00,0.02,0.00,1.30,-0.08,-0.44,0.23,0.69,0,8.35E-07,7.94E-08,7.72E-06,"Pest., Ind.",1,TRUE,-0.27,0.44,0.90,0.33,-0.11,0.38,-0.57,0.46,0.18,0.05,0.02,-0.09,-0.03,-0.16,0.03,-0.13,0.13,0.38,-1.44,-0.29,-0.28,-0.09,-1.96,0.00,0.00,0.11,0.03,-0.12,-15.67,4.88,-16.26,8.64E-08
Phorate,298-02-2,DTXSID4032459,urine,6.44E-08,9.88E-11,3.27E-06,NA,NA,NA,NA,NA,NA,NA,2.65E-05,NA,2.65E-02,1.13E-04,2.36E-02,1.20E-04,3.11E+01,0,0,0,1,0,0.00,0.00,0.00,0.00,0.00,-0.48,0.00,0.20,-0.50,0.64,-0.38,-0.30,0,1.78E-07,6.55E-08,5.15E-07,Pesticide,1,TRUE,-0.27,0.44,0.90,0.33,-0.11,0.38,-0.57,0.46,0.18,0.05,0.02,-0.09,-0.03,-0.16,0.03,-0.13,0.13,0.38,-1.44,-0.29,-0.28,-0.09,-1.96,0.00,0.00,0.59,0.00,0.32,-15.67,4.88,-14.13,7.33E-07
Phosdiphen,36519-00-3,DTXSID0058069,urine,2.98E-07,3.13E-10,2.51E-05,NA,NA,NA,NA,NA,NA,NA,2.94E-05,NA,2.39E-02,2.93E-02,1.58E-02,1.30E-02,3.11E+01,0,0,0,1,0,0.00,0.00,0.00,0.00,0.00,-0.45,0.00,0.10,2.59,0.27,3.99,-0.30,0,1.64E-07,6.23E-08,4.61E-07,Pesticide,1,TRUE,-0.27,0.44,0.90,0.33,-0.11,0.38,-0.57,0.46,0.18,0.05,0.02,-0.09,-0.03,-0.16,0.03,-0.13,0.13,0.38,-1.44,-0.29,-0.28,-0.09,-1.96,0.00,0.00,0.57,0.00,0.30,-15.67,4.88,-14.21,6.74E-07
Phosmet,732-11-6,DTXSID5024261,urine,1.94E-07,1.83E-10,5.34E-05,NA,NA,NA,NA,NA,NA,NA,3.82E-05,NA,9.70E-03,1.01E-04,2.36E-02,1.01E-04,3.11E+01,0,0,0,1,0,0.00,0.00,0.00,0.00,0.00,-0.38,0.00,-0.82,-0.56,0.64,-0.54,-0.30,0,9.04E-08,3.17E-08,2.49E-07,Pesticide,1,TRUE,-0.27,0.44,0.90,0.33,-0.11,0.38,-0.57,0.46,0.18,0.05,0.02,-0.09,-0.03,-0.16,0.03,-0.13,0.13,0.38,-1.44,-0.29,-0.28,-0.09,-1.96,0.00,0.00,0.44,0.00,0.17,-15.67,4.88,-14.83,3.64E-07
Pirimiphos-methyl,29232-93-7,DTXSID0024266,urine,2.57E-07,1.77E-10,6.64E-05,NA,NA,NA,NA,NA,NA,3.20E-01,2.88E-05,NA,1.07E-02,2.45E-04,1.02E-02,1.26E-04,3.11E+01,0,0,0,1,0,0.00,0.00,0.00,0.00,1.09,-0.46,0.00,-0.72,-0.07,-0.14,-0.34,-0.30,0,1.14E-07,1.68E-08,7.68E-07,Pesticide,1,TRUE,-0.27,0.44,0.90,0.33,-0.11,0.38,-0.57,0.46,0.18,0.05,0.02,-0.09,-0.03,-0.16,0.03,-0.13,0.13,0.38,-1.44,-0.29,-0.28,-0.09,-1.96,0.00,0.00,0.50,0.00,0.23,-15.67,4.88,-14.53,4.89E-07
Propylparaben,94-13-3,DTXSID4022527,urine,1.11E-04,1.02E-04,1.21E-04,NA,NA,2.51E-02,7.30E-06,7.68E-02,2.14E-02,NA,6.03E-06,4.62E+00,7.25E-02,1.08E-04,1.57E-02,1.84E-04,1.39E+05,0,1,1,0,1,0.48,-0.41,0.12,-0.22,0.00,-0.90,1.45,1.23,-0.53,0.26,0.01,2.18,0,6.28E-04,1.06E-05,3.73E-02,"Diet., Cons., Ind.",1,TRUE,-0.27,0.44,0.90,0.33,-0.11,0.38,-0.57,0.46,0.18,0.05,0.02,-0.09,-0.03,-0.16,0.03,-0.13,0.13,0.38,-1.44,-0.29,-0.28,-0.09,-1.96,1.36,0.48,0.00,0.70,2.27,-15.67,4.88,-4.60,1.00E-02
Prosulfuron,94125-34-5,DTXSID9034868,urine,9.80E-09,2.88E-10,6.15E-08,NA,NA,NA,NA,NA,NA,5.00E-03,3.69E-05,NA,1.88E-02,2.65E-04,1.19E-01,7.69E-05,3.11E+01,0,0,0,1,0,0.00,0.00,0.00,0.00,-0.81,-0.39,0.00,-0.15,-0.03,2.15,-0.80,-0.30,0,1.16E-07,2.58E-08,5.13E-07,Pesticide,1,TRUE,-0.27,0.44,0.90,0.33,-0.11,0.38,-0.57,0.46,0.18,0.05,0.02,-0.09,-0.03,-0.16,0.03,-0.13,0.13,0.38,-1.44,-0.29,-0.28,-0.09,-1.96,0.00,0.00,0.50,0.00,0.23,-15.67,4.88,-14.54,4.85E-07
Prothiofos,34643-46-4,DTXSID8042349,urine,2.23E-07,1.77E-10,2.01E-05,NA,NA,NA,NA,NA,NA,NA,1.61E-04,NA,3.10E-02,1.43E-02,4.83E-03,2.95E-03,3.11E+01,0,0,0,1,0,0.00,0.00,0.00,0.00,0.00,0.02,0.00,0.36,2.19,-0.83,2.61,-0.30,0,1.45E-07,5.70E-08,3.85E-07,Pesticide,1,TRUE,-0.27,0.44,0.90,0.33,-0.11,0.38,-0.57,0.46,0.18,0.05,0.02,-0.09,-0.03,-0.16,0.03,-0.13,0.13,0.38,-1.44,-0.29,-0.28,-0.09,-1.96,0.00,0.00,0.54,0.00,0.27,-15.67,4.88,-14.34,5.91E-07
Pyrene,129-00-0,DTXSID3024289,urine,1.77E-06,1.71E-06,1.84E-06,NA,NA,NA,NA,0.00E+00,NA,NA,8.75E-04,NA,6.83E-02,1.48E-04,8.71E-03,1.85E-04,2.78E+02,0,0,1,0,1,0.00,0.00,-5.00,0.00,0.00,0.50,0.00,1.17,-0.35,-0.29,0.02,0.34,0,7.14E-07,2.97E-08,2.32E-05,"Cons., Ind.",1,TRUE,-0.27,0.44,0.90,0.33,-0.11,0.38,-0.57,0.46,0.18,0.05,0.02,-0.09,-0.03,-0.16,0.03,-0.13,0.13,0.38,-1.44,-0.29,-0.28,-0.09,-1.96,0.00,0.77,0.00,-0.09,0.41,-15.67,4.88,-13.67,1.16E-06
Sulfosulfuron,141776-32-1,DTXSID4034940,urine,9.57E-09,2.93E-10,6.20E-08,NA,NA,NA,NA,NA,NA,NA,1.56E-04,NA,8.02E-03,1.36E-04,3.86E-03,6.20E-05,3.11E+01,0,0,0,1,0,0.00,0.00,0.00,0.00,0.00,0.01,0.00,-1.01,-0.40,-1.04,-1.00,-0.30,0,6.28E-08,2.04E-08,1.70E-07,Pesticide,1,TRUE,-0.27,0.44,0.90,0.33,-0.11,0.38,-0.57,0.46,0.18,0.05,0.02,-0.09,-0.03,-0.16,0.03,-0.13,0.13,0.38,-1.44,-0.29,-0.28,-0.09,-1.96,0.00,0.00,0.37,0.00,0.10,-15.67,4.88,-15.19,2.52E-07
Sulfotepp,3689-24-5,DTXSID7024328,urine,8.22E-08,1.25E-10,4.41E-06,NA,NA,NA,NA,NA,NA,NA,3.30E-05,NA,7.33E-03,2.05E-04,2.36E-02,9.94E-05,3.11E+01,0,0,0,1,0,0.00,0.00,0.00,0.00,0.00,-0.42,0.00,-1.10,-0.17,0.64,-0.56,-0.30,0,7.45E-08,2.46E-08,2.42E-07,Pesticide,1,TRUE,-0.27,0.44,0.90,0.33,-0.11,0.38,-0.57,0.46,0.18,0.05,0.02,-0.09,-0.03,-0.16,0.03,-0.13,0.13,0.38,-1.44,-0.29,-0.28,-0.09,-1.96,0.00,0.00,0.41,0.00,0.14,-15.67,4.88,-14.98,3.13E-07
Temephos,3383-96-8,DTXSID1032484,urine,2.95E-07,2.53E-10,9.85E-05,NA,NA,NA,NA,NA,NA,NA,3.49E-05,NA,1.57E-02,9.57E-02,1.55E-02,1.35E-02,3.11E+01,0,0,0,1,0,0.00,0.00,0.00,0.00,0.00,-0.40,0.00,-0.33,3.25,0.25,4.03,-0.30,0,1.22E-07,4.77E-08,3.31E-07,Pesticide,1,TRUE,-0.27,0.44,0.90,0.33,-0.11,0.38,-0.57,0.46,0.18,0.05,0.02,-0.09,-0.03,-0.16,0.03,-0.13,0.13,0.38,-1.44,-0.29,-0.28,-0.09,-1.96,0.00,0.00,0.51,0.00,0.24,-15.67,4.88,-14.50,5.03E-07
Terbufos,13071-79-9,DTXSID2022254,urine,7.26E-08,1.28E-10,3.76E-06,NA,NA,NA,NA,NA,NA,NA,9.24E-05,NA,4.09E-02,4.84E-04,2.48E-02,1.60E-04,3.11E+01,0,0,0,1,0,0.00,0.00,0.00,0.00,0.00,-0.13,0.00,0.65,0.31,0.68,-0.12,-0.30,0,1.88E-07,7.30E-08,5.27E-07,Pesticide,1,TRUE,-0.27,0.44,0.90,0.33,-0.11,0.38,-0.57,0.46,0.18,0.05,0.02,-0.09,-0.03,-0.16,0.03,-0.13,0.13,0.38,-1.44,-0.29,-0.28,-0.09,-1.96,0.00,0.00,0.60,0.00,0.33,-15.67,4.88,-14.07,7.76E-07
Trichlorfon,52-68-6,DTXSID0021389,urine,5.02E-08,8.31E-11,3.30E-06,NA,NA,0.00E+00,0.00E+00,9.46E-03,NA,NA,2.47E-04,1.47E-03,1.64E-02,1.33E-04,1.07E-02,1.23E-04,3.11E+01,0,0,1,1,0,-4.00,-4.00,-0.51,0.00,0.00,0.14,-1.17,-0.29,-0.41,-0.09,-0.36,-0.30,0,1.61E-07,4.10E-09,9.47E-06,"Cons., Pest.",1,TRUE,-0.27,0.44,0.90,0.33,-0.11,0.38,-0.57,0.46,0.18,0.05,0.02,-0.09,-0.03,-0.16,0.03,-0.13,0.13,0.38,-1.44,-0.29,-0.28,-0.09,-1.96,0.00,0.13,0.44,0.00,0.30,-15.67,4.88,-14.21,6.77E-07
Trichloronat,327-98-0,DTXSID9038420,urine,2.07E-08,5.66E-11,6.04E-07,NA,NA,NA,NA,NA,NA,NA,1.89E-04,NA,3.35E-02,1.60E-03,1.15E-02,8.42E-05,3.11E+01,0,0,0,1,0,0.00,0.00,0.00,0.00,0.00,0.07,0.00,0.44,0.97,-0.03,-0.72,-0.30,0,1.48E-07,5.91E-08,3.98E-07,Pesticide,1,TRUE,-0.27,0.44,0.90,0.33,-0.11,0.38,-0.57,0.46,0.18,0.05,0.02,-0.09,-0.03,-0.16,0.03,-0.13,0.13,0.38,-1.44,-0.29,-0.28,-0.09,-1.96,0.00,0.00,0.55,0.00,0.28,-15.67,4.88,-14.32,6.03E-07
Triclosan,3380-34-5,DTXSID5032498,urine,1.97E-04,1.81E-04,2.14E-04,NA,NA,5.27E-03,1.09E-06,2.28E-02,NA,9.80E-02,3.19E-05,1.61E-01,4.09E-02,3.41E-05,7.37E-03,1.04E-04,3.11E+01,0,0,1,1,0,0.09,-1.22,-0.24,0.00,0.55,-0.43,0.36,0.64,-1.17,-0.44,-0.52,-0.30,0,1.93E-05,8.81E-07,3.36E-04,"Cons., Pest.",1,TRUE,-0.27,0.44,0.90,0.33,-0.11,0.38,-0.57,0.46,0.18,0.05,0.02,-0.09,-0.03,-0.16,0.03,-0.13,0.13,0.38,-1.44,-0.29,-0.28,-0.09,-1.96,0.00,0.89,0.66,0.00,1.27,-15.67,4.88,-9.47,7.75E-05
Z-Tetrachlorvinphos,22248-79-9,DTXSID1032648,urine,7.16E-08,9.35E-11,4.70E-06,NA,NA,0.00E+00,0.00E+00,0.00E+00,NA,NA,1.16E-04,9.26E-04,2.61E-02,1.70E-04,1.09E-02,1.01E-04,3.11E+01,0,0,1,1,0,-4.00,-4.00,-5.00,0.00,0.00,-0.07,-1.32,0.19,-0.27,-0.08,-0.55,-0.30,0,1.84E-07,2.53E-09,2.14E-05,"Cons., Pest.",1,TRUE,-0.27,0.44,0.90,0.33,-0.11,0.38,-0.57,0.46,0.18,0.05,0.02,-0.09,-0.03,-0.16,0.03,-0.13,0.13,0.38,-1.44,-0.29,-0.28,-0.09,-1.96,0.00,0.06,0.53,0.00,0.32,-15.67,4.88,-14.09,7.61E-07
Zineb,12122-67-7,DTXSID5021465,urine,5.47E-08,6.73E-11,2.56E-06,NA,NA,NA,NA,NA,NA,NA,4.07E+00,NA,2.01E-02,1.08E-04,6.99E-02,1.18E-04,3.11E+01,0,0,0,1,0,0.00,0.00,0.00,0.00,0.00,2.85,0.00,-0.08,-0.52,1.65,-0.40,-0.30,0,1.99E-08,1.23E-09,4.03E-07,Pesticide,1,TRUE,-0.27,0.44,0.90,0.33,-0.11,0.38,-0.57,0.46,0.18,0.05,0.02,-0.09,-0.03,-0.16,0.03,-0.13,0.13,0.38,-1.44,-0.29,-0.28,-0.09,-1.96,0.00,0.00,0.12,0.00,-0.15,-15.67,4.88,-16.40,7.54E-08
